group,id,company,title,location,date_posted,discovered_at,source,filter_reason,url
A,4031,TD Bank,Data Science Associate,"Toronto, ON, Canada",2026-09-08,2026-09-08,tracker_simplify,eligibility:country,https://td.wd3.myworkdayjobs.com/TD_Bank_Careers/job/Toronto-Ontario/AI2-Data-Science-Associate--Graduate-_R_1506343
A,4030,TD Bank,Applied Machine Learning Scientist,"Toronto, ON, Canada",2026-09-08,2026-09-08,tracker_simplify,eligibility:country,https://td.wd3.myworkdayjobs.com/TD_Bank_Careers/job/Toronto-Ontario/AI2-Applied-Machine-Learning-Scientist--Graduate-_R_1506705
A,4029,TD Bank,Applied Machine Learning Scientist Graduate - Analytics Insights & AI,"Toronto, ON, Canada",2026-09-08,2026-09-08,tracker_simplify,eligibility:country,https://td.wd3.myworkdayjobs.com/TD_Bank_Careers/job/Toronto-Ontario/AI2-Applied-Machine-Learning-Scientist---Associate_R_1506714-1
A,4028,TD Bank,Business Intelligence Associate,"Toronto, ON, Canada",2026-09-08,2026-09-08,tracker_simplify,eligibility:country,https://td.wd3.myworkdayjobs.com/TD_Bank_Careers/job/Toronto-Ontario/AI2-Business-Intelligence-Associate_R_1509034
A,4027,TD Bank,Credit Cards & Personal Lending Associate - Associate Program,"Toronto, ON, Canada",2026-09-08,2026-09-08,tracker_simplify,eligibility:country,https://td.wd3.myworkdayjobs.com/TD_Bank_Careers/job/Toronto-Ontario/CPB-Credit-Cards---Personal-Lending-Associate-Program_R_1505123
A,4026,TD Bank,Risk Management Quantitative Associate - Rotational Program,"Toronto, ON, Canada",2026-09-08,2026-09-08,tracker_simplify,eligibility:country,https://td.wd3.myworkdayjobs.com/TD_Bank_Careers/job/Toronto-Ontario/Risk-Management-Quantitative-Associate-Rotational-Program_R_1503777
A,4019,Maven Securities,Quantitative Researcher Graduate,"London, UK",2026-09-07,2026-09-08,tracker_simplify,eligibility:country,https://job-boards.greenhouse.io/mavensecuritiesholdingltd/jobs/8048825
A,4018,Content Guru,Graduate Software Developer,"Bracknell, UK",2026-09-07,2026-09-08,tracker_simplify,eligibility:country,https://contentguru.bamboohr.com/careers/324/
A,4017,Zippd,Graduate Data Analyst,"Manchester, UK",2026-09-07,2026-09-08,tracker_simplify,eligibility:country,https://apply.workable.com/zippd/j/644B7A023D/apply
A,4016,Genesis AI,Robot Teleoperation Specialist,"London, UK",2026-09-07,2026-09-08,tracker_simplify,eligibility:country,https://jobs.ashbyhq.com/genesis/53919a1c-cfb9-46f2-831f-f5c6bbedf0af/application?embed=true
A,4015,Ernst & Young,Assurance Analyst - Data and Intelligence Delivery,"Salt Lake City, UT; Indianapolis, IN; Houston, TX; Des Moines, IA; Detroit, MI; Tampa, FL; Dallas, TX; Greenville, SC; St. Louis, MO; Alpharetta, GA; Phoenix, AZ; Grandview Heights, OH",2026-09-07,2026-09-08,tracker_simplify,eligibility:country,https://eyglobal.yello.co/jobs/AZkeE_LpYYLfvoE0TkyIJw?job_board_id=c1riT--B2O-KySgYWsZO1Q
A,4014,incident.io,Product Engineer Graduate,"London, UK",2026-09-07,2026-09-08,tracker_simplify,eligibility:country,https://jobs.ashbyhq.com/incident/743b1624-7267-49a9-84a0-6223e414fbf0/application?embed=true
A,4013,incident.io,Product Engineer Placement,"London, UK",2026-09-07,2026-09-08,tracker_simplify,eligibility:country,https://jobs.ashbyhq.com/incident/2f692a4d-91b4-4d0f-ae39-b38b68a24a27/application?embed=true
A,4006,Arcadis,Data Scientist,"London, UK; Sheffield, UK; Manchester, UK",2026-09-07,2026-09-08,tracker_simplify,eligibility:country,https://ebcs.fa.em2.oraclecloud.com/hcmUI/CandidateExperience/en/sites/CX_1/job/43797
A,4024,Marsh & McLennan,Data & Analytics Analyst - Multiple Teams,"Newcastle upon Tyne, UK",2026-09-05,2026-09-08,tracker_simplify,eligibility:country,https://mmc.wd1.myworkdayjobs.com/en-US/MMC/job/Newcastle---Bank/Oliver-Wyman---Data---Analytics---Analyst---Newcastle-2027_R_364950-1
A,3985,Procter & Gamble,IT Software Engineer - Warehouse Systems - Solution Expert,"Toronto, ON, Canada",2026-09-04,2026-09-08,tracker_simplify,eligibility:country,https://pg.wd5.myworkdayjobs.com/1000/job/TORONTO-GO/IT-Warehouse-Systems-Solution-Expert_R000156588
A,3968,Makai Labs,Forward Deployed AI Analyst,California; Texas; NYC; Massachusetts; New Jersey,2026-09-04,2026-09-08,tracker_simplify,eligibility:country,https://jobs.ashbyhq.com/makai-labs/3d4373e8-e09a-4034-a8e0-d511cef44fc7/application?embed=true
A,3957,PortmanDentex,Trainee Dental Nurse,"York, UK",2026-09-04,2026-09-08,tracker_simplify,eligibility:country,https://jobs.smartrecruiters.com/PortmanDentex/744000147567429
A,3944,Canadian Tire,Data Science Associate New Grad - Finance Rotational Program,"Toronto, ON, Canada",2026-09-04,2026-09-08,tracker_simplify,eligibility:country,https://canadiantirecorporation.wd3.myworkdayjobs.com/Enterprise_External_Careers_Site/job/Toronto-ON/New-Graduate-Program---2027-Data-Science-Associate--Finance-Rotational-Program_JR164983
A,3943,Canadian Tire,Data Science Associate New Grad - Finance Rotational Program,"Calgary, AB, Canada",2026-09-04,2026-09-08,tracker_simplify,eligibility:country,https://canadiantirecorporation.wd3.myworkdayjobs.com/Enterprise_External_Careers_Site/job/Quarry-Park/New-Graduate-Program---2027-Data-Science-Associate--Finance-Rotational-Program_JR164990
A,3931,Barclays,Quantitative Analytics Associate Graduate Programme,"London, UK",2026-09-04,2026-09-08,tracker_simplify,eligibility:country,https://barclays.wd3.myworkdayjobs.com/External_Career_Site_Barclays/job/Canary-Wharf-1-Churchill-Place/Quantitative-Analytics-Associate-Graduate-Programme-2027-London_JR-0000124678
A,3930,Global,Analytics Engineer - Technology,"London, UK",2026-09-04,2026-09-08,tracker_simplify,eligibility:country,https://thisisglobal.wd3.myworkdayjobs.com/Global/job/Holborn---London/Senior-Analytics-Engineer_R0009733
A,3831,OpenTable,Applied Machine Learning Scientist 2,"Toronto, ON, Canada",2026-09-04,2026-09-08,tracker_simplify,eligibility:country,https://job-boards.greenhouse.io/opentable/jobs/8769568002
A,3845,Sun Life,Solution Architect Student - Winter 2027,"Toronto, ON, Canada; Waterloo, ON, Canada",2026-09-03,2026-09-08,tracker_simplify,eligibility:country,https://sunlife.wd3.myworkdayjobs.com/en-US/Campus/job/Toronto-Ontario/Student--Solution-Architect--Winter-2027-_JR00127360
A,3821,ASOS plc,Associate Product Specialist,"Watford, UK",2026-09-03,2026-09-08,tracker_simplify,eligibility:country,https://jobs.smartrecruiters.com/ASOS/744000147292429
A,3815,Bosch Home Comfort,Marketing Analyst Graduate,"Worcester, UK",2026-09-03,2026-09-08,tracker_simplify,eligibility:country,https://jobs.smartrecruiters.com/BoschGroup/744000147279184
A,3607,Wintermute,Algorithmic Trader,"London, UK; NYC",2026-09-03,2026-09-08,tracker_simplify,eligibility:country,https://jobs.lever.co/wintermute-trading/28c7e15f-b3a0-48c6-8322-2e9f25371fd0/apply
A,3606,Bank of Montreal,Machine Learning Developer New Grad,"Toronto, ON, Canada",2026-09-03,2026-09-08,tracker_simplify,eligibility:country,https://bmo.wd3.myworkdayjobs.com/External/job/Toronto-ON-CAN/Machine-Learning-Developer--New-or-Recent-Graduate-_R260024265
A,3604,Ebury,Product Graduate - Money Flows,"London, UK",2026-09-03,2026-09-08,tracker_simplify,eligibility:country,https://job-boards.eu.greenhouse.io/ebury/jobs/4967740101
A,3603,Montenson,Construction Field GIS Coordinator 1 & 2 - Solar,New Mexico,2026-09-03,2026-09-08,tracker_simplify,eligibility:country,https://fa-esgu-saasfaprod1.fa.ocs.oraclecloud.com/hcmUI/CandidateExperience/en/sites/CX_1/job/23646
A,3588,Wintermute,Graduate Algorithmic Trader,"London, UK",2026-09-03,2026-09-08,tracker_simplify,eligibility:country,https://jobs.lever.co/wintermute-trading/06eb85da-c5b3-4e49-a906-8ac0f3452517/apply
A,3587,Relay Technologies,Graduate Software Engineer,"London, UK",2026-09-03,2026-09-08,tracker_simplify,eligibility:country,https://jobs.ashbyhq.com/relay/5a6ed15f-e610-4d09-9fd7-f18cd639c4e7/application?embed=true
A,3553,GlobalFoundries,Device Engineer - Silicon Photonics,"Malta, NY",2026-09-03,2026-09-08,tracker_simplify,eligibility:country,https://globalfoundries.wd1.myworkdayjobs.com/External/job/USA---New-York---Malta/Senior-Engineer-SiPh-Device_JR-2605058
A,3371,General Dynamics UK,Junior Hardware Engineer Developer - FPGA,"Ottawa, ON, Canada",2026-09-03,2026-09-08,tracker_simplify,eligibility:country,https://jobs.smartrecruiters.com/GDMSI/744000147039249
A,3412,Mastercard,Software Engineer - Launch Program,"Toronto, ON, Canada",2026-09-02,2026-09-08,tracker_simplify,eligibility:country,https://mastercard.wd1.myworkdayjobs.com/Campus/job/Toronto-Canada/Software-Engineer--Launch-Program-2027---Toronto--Canada_R-287621
A,3411,Mastercard,Software Engineer - Launch Program,"Vancouver, BC, Canada",2026-09-02,2026-09-08,tracker_simplify,eligibility:country,https://mastercard.wd1.myworkdayjobs.com/Campus/job/Vancouver-Canada/Software-Engineer--Launch-Program-2027---Vancouver--Canada_R-287622
A,3401,General Motors,Software Developer Embedded Software,"Markham, ON, Canada; Oshawa, ON, Canada",2026-09-02,2026-09-08,tracker_simplify,eligibility:country,https://generalmotors.wd5.myworkdayjobs.com/en-CA/Careers_GM/job/Markham-Ontario-Canada/Early-Career-Software-Developer--Embedded-Software_JR-202618368
A,3320,Williams Racing,Graduate Machine Learning Engineer - AI,"Grove, Wantage, UK",2026-09-02,2026-09-08,tracker_simplify,eligibility:country,https://jobs.smartrecruiters.com/WilliamsRacing/744000146957079
A,3319,Williams Racing,Graduate Software Engineer,"Grove, Wantage, UK",2026-09-02,2026-09-08,tracker_simplify,eligibility:country,https://jobs.smartrecruiters.com/WilliamsRacing/744000146959139
A,3317,Motorway,Lead Generative AI Engineer,"London, UK",2026-09-02,2026-09-08,tracker_simplify,eligibility:country,https://jobs.ashbyhq.com/motorway/64e7a546-c2a7-4ad1-8e1d-be4b1e5c1ddd/application?embed=true
A,3909,Airbus,Graduate Airframe Automation Engineer,"Bristol, UK",2026-09-01,2026-09-08,tracker_simplify,eligibility:country,https://ag.wd3.myworkdayjobs.com/Airbus/job/Bristol-Area/AGGP2027---Graduate-Airframe-Automation-Engineer_JR10428292
A,3902,Circle K,Pricing Analyst - Pricebook,"Laval, QC, Canada",2026-09-01,2026-09-08,tracker_simplify,eligibility:country,https://circlek.wd3.myworkdayjobs.com/circlekstorejobs/job/Nonstore-QC10000051-CT-Laval-QC/Pricing-Analyst--Pricebook_R617286-1
A,3347,Airbus,Graduate AI Engineer,"Filton, Bristol, UK",2026-09-01,2026-09-08,tracker_simplify,eligibility:country,https://ag.wd3.myworkdayjobs.com/Airbus/job/Filton/AGGP2027---Graduate-AI-Engineer_JR10427632
A,3333,Citi,Quantitative Analysis Associate - Markets,"London, UK",2026-09-01,2026-09-08,tracker_simplify,eligibility:country,https://citi.wd5.myworkdayjobs.com/2/job/London--United-Kingdom/Markets--Quantitative-Analysis--Full-Time-Associate--London--2027_26984782
A,3285,Radius Telematics,Graduate Java Developer - Vehicle Telematics,"Crewe, UK",2026-09-01,2026-09-08,tracker_simplify,eligibility:country,https://jobs.smartrecruiters.com/RadiusLimited/744000146762643
A,3278,Texas Instruments,Software Engineer Development Program,"Toronto, ON, Canada",2026-09-01,2026-09-08,tracker_simplify,eligibility:country,https://edbz.fa.us2.oraclecloud.com/hcmUI/CandidateExperience/en/sites/CX/job/25014533
A,3269,Synack,Graduate Software Engineer - AI,Remote in UK,2026-09-01,2026-09-08,tracker_simplify,eligibility:country,https://job-boards.greenhouse.io/synack/jobs/8165010
A,3268,Apple,Accessibility Engineer - Early Career,"London, UK",2026-09-01,2026-09-08,tracker_simplify,eligibility:country,https://jobs.apple.com/en-us/details/200679855
A,3247,Tower Research Capital,Quantitative Trader/Researcher Graduate Programme,"London, UK",2026-09-01,2026-09-08,tracker_simplify,eligibility:country,https://www.tower-research.com/open-positions/?gh_jid=8037824
A,3245,Zopa,Graduate Analyst,"London, UK",2026-09-01,2026-09-08,tracker_simplify,eligibility:country,https://jobs.lever.co/zopa/962f3756-6e45-480f-984c-64e024b57c4f/apply
A,3244,Manulife Financial,Data Analyst - Data Office - Operations,"Montreal, QC, Canada",2026-09-01,2026-09-08,tracker_simplify,eligibility:country,https://manulife.wd3.myworkdayjobs.com/en-US/MFCJH_Jobs/job/Montreal-Quebec/GRO---Data-Analyst_JR26061468
A,3236,Dataiku,Fullstack Software Engineer - Core,Remote in Germany; Remote in UK; Remote in Spain; Remote in France,2026-09-01,2026-09-08,tracker_simplify,eligibility:country,https://job-boards.greenhouse.io/dataiku/jobs/5420293004
A,3234,Airbus,Graduate Software Engineer,"Newcastle upon Tyne, UK; Portsmouth, UK",2026-09-01,2026-09-08,tracker_simplify,eligibility:country,https://ag.wd3.myworkdayjobs.com/Airbus/job/Portsmouth/AGGP2027---Graduate-Software-Engineer_JR10437769
A,3227,Stripe,Software Engineer New Grad,"Toronto, ON, Canada",2026-09-01,2026-09-08,tracker_simplify,eligibility:country,https://stripe.com/jobs/search?gh_jid=8157838
A,3226,Stripe,Software Engineer New Grad,"London, UK",2026-09-01,2026-09-08,tracker_simplify,eligibility:country,https://stripe.com/jobs/search?gh_jid=8130930
A,3220,IXL Learning,Software Developer New Grad - Integrations,"Toronto, ON, Canada",2026-09-01,2026-09-08,tracker_simplify,eligibility:country,https://www.ixl.com/company/jobs?gh_jid=8765751002
A,3219,JP Morgan Chase,Digital Development Analyst - Chase Digital Development Programme,"London, UK",2026-09-01,2026-09-08,tracker_simplify,eligibility:country,https://jpmc.fa.oraclecloud.com/hcmUI/CandidateExperience/en/sites/CX_1001/job/210774321
A,3218,JP Morgan Chase,Software Engineer Program - Full-time,"London, UK; Glasgow, UK",2026-09-01,2026-09-08,tracker_simplify,eligibility:country,https://jpmc.fa.oraclecloud.com/hcmUI/CandidateExperience/en/sites/CX_1001/job/210774781
A,3217,JP Morgan Chase,Data and AI Analyst - Full-Time Analyst,"London, UK; Glasgow, UK",2026-09-01,2026-09-08,tracker_simplify,eligibility:country,https://jpmc.fa.oraclecloud.com/hcmUI/CandidateExperience/en/sites/CX_1001/job/210774755
A,3210,Travelers,Engineering Development Program - Software Engineering,"Hunt Valley, Cockeysville, MD; Hartford, CT; Atlanta, GA; St Paul, MN",2026-09-01,2026-09-08,tracker_simplify,eligibility:country,https://travelers.wd5.myworkdayjobs.com/External/job/CT---Hartford/Engineering-Development-Program--EDP----Software-Engineering_R-52271
A,3209,Travelers,Engineering Development Program - Data Engineering,"Hunt Valley, Cockeysville, MD; Hartford, CT; Atlanta, GA; St Paul, MN",2026-09-01,2026-09-08,tracker_simplify,eligibility:country,https://travelers.wd5.myworkdayjobs.com/External/job/CT---Hartford/Engineering-Development-Program--EDP----Data-Engineering_R-52272
A,3207,Airbus,Graduate Strategy and Data Analyst,"Bristol, UK",2026-09-01,2026-09-08,tracker_simplify,eligibility:country,https://ag.wd3.myworkdayjobs.com/Airbus/job/Bristol-Area/AGGP2027---Graduate-Strategy-and-Data-Analyst_JR10430952
A,3206,Airbus,Flight Physics Capabilities Graduate,"Bristol, UK",2026-09-01,2026-09-08,tracker_simplify,eligibility:country,https://ag.wd3.myworkdayjobs.com/Airbus/job/Bristol-Area/AGGP2027---Graduate-Flight-Physics-Capabilities_JR10428463
B,4547,PointClickCare,Canada- Jr Software Engineer (SRE),"Mississauga, Ontario, Canada",,2026-09-08,tracker_jobright,eligibility:country,https://jobright.ai/jobs/info/6a970e93455eaf6a08c1a671?utm_campaign=Software%20Engineering&utm_source=1103
B,4543,Co-operators,Full-Stack Developer Co-op,"Kitchener, ON, Canada",,2026-09-08,tracker_jobright,eligibility:country,https://jobright.ai/jobs/info/6a972485455eaf6a08c1aea7?utm_campaign=Software%20Engineering&utm_source=1103
B,4534,Texas Instruments,Software Engineer - Career Accelerator Program,"Toronto, ON, Canada",,2026-09-08,tracker_jobright,eligibility:country,https://jobright.ai/jobs/info/6a96fc5cf5337b2cf731f131?utm_campaign=Software%20Engineering&utm_source=1103
B,4533,Texas Instruments,Software Engr Development Program,"Toronto, ON, Canada",,2026-09-08,tracker_jobright,eligibility:country,https://jobright.ai/jobs/info/6a96fc66246d697dcee02684?utm_campaign=Software%20Engineering&utm_source=1103
B,4530,Squid (YC W26),Software Engineer,"London, England, United Kingdom",,2026-09-08,tracker_jobright,eligibility:country,https://jobright.ai/jobs/info/6a9735cb246d697dcee04007?utm_campaign=Software%20Engineering&utm_source=1103
B,4510,Keywords Studios,Virtual Reality (VR) Game Tester - On-Site,"Montreal, QC, Canada",,2026-09-08,tracker_jobright,eligibility:country,https://jobright.ai/jobs/info/6a989491c8ed473c5c764f41?utm_campaign=Software%20Engineering&utm_source=1103
B,4506,Mimecast,Software Engineer I,"London, England, United Kingdom",,2026-09-08,tracker_jobright,eligibility:country,https://jobright.ai/jobs/info/6a97f884add00305a7651b34?utm_campaign=Software%20Engineering&utm_source=1103
B,4498,Activision,Activision 2027 Summer Internshps - Game Engineering (Vancouver),"Vancouver, BC, Canada",,2026-09-08,tracker_jobright,eligibility:country,https://jobright.ai/jobs/info/6a978c33b22f636c8141816e?utm_campaign=Software%20Engineering&utm_source=1103
B,4484,Tebra,Software Engineer I,"Corona del Mar, CA, United States",,2026-09-08,tracker_jobright,eligibility:country,https://jobright.ai/jobs/info/6a9766b3f5337b2cf7321d22?utm_campaign=Software%20Engineering&utm_source=1103
B,4480,Nature Fresh Farms,Quality Assurance Administrator,"Leamington, ON, Canada",,2026-09-08,tracker_jobright,eligibility:country,https://jobright.ai/jobs/info/6a9822f6def18223c854d8b3?utm_campaign=Software%20Engineering&utm_source=1103
B,4465,Nokia,Jr. Embedded Software Developer,"Ottawa, ON, Canada",,2026-09-08,tracker_jobright,eligibility:country,https://jobright.ai/jobs/info/6a5ad13a3ac7627fe9005300?utm_campaign=Software%20Engineering&utm_source=1103
B,4454,General Dynamics Mission Systems–Canada,Junior Software Engineer,"Oakdale, England, United Kingdom",,2026-09-08,tracker_jobright,eligibility:country,https://jobright.ai/jobs/info/6a98401b83fc63335763052c?utm_campaign=Software%20Engineering&utm_source=1103
B,4431,Miovision,Full Stack Software Developer,Canada,,2026-09-08,tracker_jobright,eligibility:country,https://jobright.ai/jobs/info/6a983e8483fc633357630489?utm_campaign=Software%20Engineering&utm_source=1103
B,4425,General Motors,Early Career Software Developer- Embedded Software,"Markham, ON, Canada",,2026-09-08,tracker_jobright,eligibility:country,https://jobright.ai/jobs/info/6a9873ac11f73b6462c8ebf1?utm_campaign=Software%20Engineering&utm_source=1103
B,4394,DigiCert,Associate Solutions Engineer,"London, England, United Kingdom",,2026-09-08,tracker_jobright,eligibility:country,https://jobright.ai/jobs/info/6a99883f90a313642c650c41?utm_campaign=Software%20Engineering&utm_source=1103
B,4369,Tracebit,Founding Engineer - Early Careers,"London, United Kingdom",,2026-09-08,tracker_jobright,eligibility:country,https://jobright.ai/jobs/info/6a4ee59415b4965afd584f6b?utm_campaign=Software%20Engineering&utm_source=1103
B,4361,Leap Tools,"Software Developer, Consumer Apps","Toronto, ON, Canada",,2026-09-08,tracker_jobright,eligibility:country,https://jobright.ai/jobs/info/6a9980aa90a313642c65095d?utm_campaign=Software%20Engineering&utm_source=1103
B,4358,iwoca Deutschland,Junior Technical Integration Manager,"London, England, United Kingdom",,2026-09-08,tracker_jobright,eligibility:country,https://jobright.ai/jobs/info/6a994bd08974952dfc94a474?utm_campaign=Software%20Engineering&utm_source=1103
B,4353,mthree,Junior Java Developer,"Halifax, NS, Canada",,2026-09-08,tracker_jobright,eligibility:country,https://jobright.ai/jobs/info/6a99a76d90a313642c651def?utm_campaign=Software%20Engineering&utm_source=1103
B,4340,Symphony,"Placement, Software Developer (June 2027 to March 2028)","Belfast, Northern Ireland, United Kingdom",,2026-09-08,tracker_jobright,eligibility:country,https://jobright.ai/jobs/info/6a99c45a040e5c3d07598ab3?utm_campaign=Software%20Engineering&utm_source=1103
B,4337,Equilibrium,Junior Full-Stack Developer (BCIT Co-op),"Vancouver, BC, Canada",,2026-09-08,tracker_jobright,eligibility:country,https://jobright.ai/jobs/info/6a9aee7f1388387060594b67?utm_campaign=Software%20Engineering&utm_source=1103
B,4335,Leidos,Entry Level Software Developer,"St. Louis, MO, United States",,2026-09-08,tracker_jobright,eligibility:country,https://jobright.ai/jobs/info/6a99bded90a313642c6526b9?utm_campaign=Software%20Engineering&utm_source=1103
B,4325,Ericsson,BB Dowlink Layer 1 Test Developer Co-op,"Ottawa, ON, Canada",,2026-09-08,tracker_jobright,eligibility:country,https://jobright.ai/jobs/info/6a99dede040e5c3d075997ac?utm_campaign=Software%20Engineering&utm_source=1103
B,4316,RTX,Software Engineering Designer,"Midland, ON, Canada",,2026-09-08,tracker_jobright,eligibility:country,https://jobright.ai/jobs/info/6a9b15a72cdc5958f53eac9e?utm_campaign=Software%20Engineering&utm_source=1103
B,4310,L3Harris Technologies,Unity Software Developer for HoloMOTS,"Montreal, QC, Canada",,2026-09-08,tracker_jobright,eligibility:country,https://jobright.ai/jobs/info/6a983306c8ed473c5c7627c2?utm_campaign=Software%20Engineering&utm_source=1103
B,4304,Matillion,Software Engineer,"Manchester, England, United Kingdom",,2026-09-08,tracker_jobright,eligibility:country,https://jobright.ai/jobs/info/6a7ec70db56bea5779c06fc2?utm_campaign=Software%20Engineering&utm_source=1103
B,4303,Peripheral Labs,Software Engineer - Viewer,"Toronto, ON, Canada",,2026-09-08,tracker_jobright,eligibility:country,https://jobright.ai/jobs/info/6a9a6538fe45b8490f603a72?utm_campaign=Software%20Engineering&utm_source=1103
B,4300,Bank of America,Quantitative Engineer - Consumer & Wholesale,"Jersey City, NJ, United States",,2026-09-08,tracker_jobright,eligibility:country,https://jobright.ai/jobs/info/6a5e5056f29acc1a11746b59?utm_campaign=Software%20Engineering&utm_source=1103
B,4298,LOCALiQ_UK,Web Developer,"Newport, Isle of Wight, United Kingdom",,2026-09-08,tracker_jobright,eligibility:country,https://jobright.ai/jobs/info/6a9aa5f26c308f08f89c6541?utm_campaign=Software%20Engineering&utm_source=1103
B,4294,Squarepoint,Graduate Software Developer,"Montreal, QC, Canada",,2026-09-08,tracker_jobright,eligibility:country,https://jobright.ai/jobs/info/6a643d905c7e2d715ebaf9f0?utm_campaign=Software%20Engineering&utm_source=1103
B,4278,National Grid,"Engineer, Software Engineering 1","Warwick, England, United Kingdom",,2026-09-08,tracker_jobright,eligibility:country,https://jobright.ai/jobs/info/6a9afd4790a313642c658094?utm_campaign=Software%20Engineering&utm_source=1103
B,4275,Samsara,Software Engineer I (New Grad),"London, England, United Kingdom",,2026-09-08,tracker_jobright,eligibility:country,https://jobright.ai/jobs/info/6a9ae5b69c24314c35f95c14?utm_campaign=Software%20Engineering&utm_source=1103
B,4270,General Dynamics Mission Systems–Canada,Co-op Winter 2025 - Software Engineering (TacCIS Solutions) -12 Months,"Calgary, AB, Canada",,2026-09-08,tracker_jobright,eligibility:country,https://jobright.ai/jobs/info/6a9aea389c24314c35f95d27?utm_campaign=Software%20Engineering&utm_source=1103
B,4269,Procter & Gamble,IT Warehouse Systems Solution Expert,"Toronto, Ontario, Canada",,2026-09-08,tracker_jobright,eligibility:country,https://jobright.ai/jobs/info/6a9ae32d90a313642c656875?utm_campaign=Software%20Engineering&utm_source=1103
B,4265,Acorn Insurance and Financial Services Limited,Junior QA Engineer,"Liverpool, England, United Kingdom",,2026-09-08,tracker_jobright,eligibility:country,https://jobright.ai/jobs/info/6a7dff840cd4a0703257d068?utm_campaign=Software%20Engineering&utm_source=1103
B,4250,Bank of Canada,"Student, Web Development","Ottawa, ON, Canada",,2026-09-08,tracker_jobright,eligibility:country,https://jobright.ai/jobs/info/6a9af9e490a313642c657c01?utm_campaign=Software%20Engineering&utm_source=1103
B,4249,Motorola Solutions,Test Engineer (Vancouver Hybrid),"Vancouver, BC, Canada",,2026-09-08,tracker_jobright,eligibility:country,https://jobright.ai/jobs/info/6a9af5dfd5ff1f3f1c39c7a3?utm_campaign=Software%20Engineering&utm_source=1103
B,4247,SMS Equipment Inc.,Quality Assurance Administrator,"Acheson, AB, Canada",,2026-09-08,tracker_jobright,eligibility:country,https://jobright.ai/jobs/info/6a9b2cfc2cdc5958f53eb2d2?utm_campaign=Software%20Engineering&utm_source=1103
B,4241,Capital One,"Associate, Software Engineer, New Grad Card Expansion","Toronto, ON, Canada",,2026-09-08,tracker_jobright,eligibility:country,https://jobright.ai/jobs/info/6a96e322f5337b2cf731e784?utm_campaign=Software%20Engineering&utm_source=1103
B,4239,FundApps,Junior Software Engineer,"London, United Kingdom",,2026-09-08,tracker_jobright,eligibility:country,https://jobright.ai/jobs/info/6a9b3f6afe45b8490f607996?utm_campaign=Software%20Engineering&utm_source=1103
B,4234,QNX,QNX Systems Software Developer II,"Ottawa, ON, Canada",,2026-09-08,tracker_jobright,eligibility:country,https://jobright.ai/jobs/info/6a7225fa71acd469eeda6352?utm_campaign=Software%20Engineering&utm_source=1103
B,4233,Hexagon Mining,QA Technician - Firmware,"Greater Sudbury, Ontario, Canada",,2026-09-08,tracker_jobright,eligibility:country,https://jobright.ai/jobs/info/6a9b2fe5fe45b8490f60741f?utm_campaign=Software%20Engineering&utm_source=1103
B,4227,Family Innovation Corp.,Analyst - Technology,"Toronto, ON, Canada",,2026-09-08,tracker_jobright,eligibility:country,https://jobright.ai/jobs/info/6a70e2d402d93145bf88cea1?utm_campaign=Software%20Engineering&utm_source=1103
B,4225,Audible,"Software Development Engineer, Early Careers","New Jersey, United States",,2026-09-08,tracker_jobright,eligibility:country,https://jobright.ai/jobs/info/6a9b67db2cdc5958f53ec470?utm_campaign=Software%20Engineering&utm_source=1103
B,4220,Raytheon,Software Engineering Designer,"Midland, ON, Canada",,2026-09-08,tracker_jobright,eligibility:country,https://jobright.ai/jobs/info/6a9bad9b68f82b4036735442?utm_campaign=Software%20Engineering&utm_source=1103
B,4212,Bending Spoons,Graduate software engineer,United Kingdom,,2026-09-08,tracker_jobright,eligibility:country,https://jobright.ai/jobs/info/6a9beebbdacf777321a8d700?utm_campaign=Software%20Engineering&utm_source=1103
B,4210,Bending Spoons,Graduate software engineer,"London, England, United Kingdom",,2026-09-08,tracker_jobright,eligibility:country,https://jobright.ai/jobs/info/6a9bc26dc1d6f91bc38835d4?utm_campaign=Software%20Engineering&utm_source=1103
B,4209,Bending Spoons,Graduate software engineer,"Oxford, England, United Kingdom",,2026-09-08,tracker_jobright,eligibility:country,https://jobright.ai/jobs/info/6a9bc2a4a7ba386c5d66d840?utm_campaign=Software%20Engineering&utm_source=1103
B,4208,Bending Spoons,Graduate software engineer,"Cambridge, England, United Kingdom",,2026-09-08,tracker_jobright,eligibility:country,https://jobright.ai/jobs/info/6a9bc2d9c1d6f91bc38835ef?utm_campaign=Software%20Engineering&utm_source=1103
B,4202,Autodesk,Software Developer,"Toronto, ON, Canada",,2026-09-08,tracker_jobright,eligibility:country,https://jobright.ai/jobs/info/6a9b608a1388387060597ea6?utm_campaign=Software%20Engineering&utm_source=1103
B,4201,Turner Fleischer,Software Developer,"Toronto, ON, Canada",,2026-09-08,tracker_jobright,eligibility:country,https://jobright.ai/jobs/info/6a7f60dce51a1e18a2412080?utm_campaign=Software%20Engineering&utm_source=1103
B,4190,Loblaw Digital,"Front-End Developer, DX Studio - 18-Month Contract","Toronto, ON, Canada",,2026-09-08,tracker_jobright,eligibility:country,https://jobright.ai/jobs/info/6a7e709fb56bea5779c05fbe?utm_campaign=Software%20Engineering&utm_source=1103
B,4188,Gemba Advantage,Software Engineer,"Manchester, United Kingdom",,2026-09-08,tracker_jobright,eligibility:country,https://jobright.ai/jobs/info/6a55cf9cfdf4fa71202b58a3?utm_campaign=Software%20Engineering&utm_source=1103
B,4187,Gemba Advantage,Software Engineer,"Cheltenham, United Kingdom",,2026-09-08,tracker_jobright,eligibility:country,https://jobright.ai/jobs/info/6a509cba2e2ceb72963b3547?utm_campaign=Software%20Engineering&utm_source=1103
B,4186,Gemba Advantage,Software Engineer,"London, United Kingdom",,2026-09-08,tracker_jobright,eligibility:country,https://jobright.ai/jobs/info/6a50abf5d5d2a327b664d098?utm_campaign=Software%20Engineering&utm_source=1103
B,4175,Capgemini,Junior Oracle PL/SQL Developer Job Details / Capgemini,"Jersey City, NJ, United States",,2026-09-08,tracker_jobright,eligibility:country,https://jobright.ai/jobs/info/6a848f9ee459fa3baa85f34d?utm_campaign=Software%20Engineering&utm_source=1103
B,4171,LivingSafe,Backend Developer (cloud & local infrastructures),"Montreal, QC, Canada",,2026-09-08,tracker_jobright,eligibility:country,https://jobright.ai/jobs/info/6a5dfe89f3674a0545d26b70?utm_campaign=Software%20Engineering&utm_source=1103
B,4148,EY,Back-end .net Developer Job Details / EY,"Toronto, ON, Canada",,2026-09-08,tracker_jobright,eligibility:country,https://jobright.ai/jobs/info/6a7414137b3417772addee57?utm_campaign=Software%20Engineering&utm_source=1103
B,4147,EY,Back-end .net Developer,"Toronto, ON, Canada",,2026-09-08,tracker_jobright,eligibility:country,https://jobright.ai/jobs/info/6a6398d287cef057612c995d?utm_campaign=Software%20Engineering&utm_source=1103
B,4146,AI Security Institute (AISI),Software Engineer - Core Technology,"London, UK",,2026-09-08,tracker_jobright,eligibility:country,https://jobright.ai/jobs/info/6a2c14ebfc06447490548165?utm_campaign=Software%20Engineering&utm_source=1103
B,4145,AI Security Institute (AISI),Software Engineer - Core Technology,"London, England, United Kingdom",,2026-09-08,tracker_jobright,eligibility:country,https://jobright.ai/jobs/info/6a525b58e726ec56126a2b80?utm_campaign=Software%20Engineering&utm_source=1103
B,4115,IBM,Digital Product Engineering - Application Developer Associate (May or September 2027 - Toronto),"Toronto, ON, Canada",,2026-09-08,tracker_jobright,eligibility:country,https://jobright.ai/jobs/info/6a9e294527c94c3d5a1cb5de?utm_campaign=Software%20Engineering&utm_source=1103
B,4101,IBM,Junior Software Developer,"Ottawa, ON, Canada",,2026-09-08,tracker_jobright,eligibility:country,https://jobright.ai/jobs/info/6a9e2de275edfa11b4710713?utm_campaign=Software%20Engineering&utm_source=1103
B,4100,IBM,Junior Application Developer,"Ottawa, ON, Canada",,2026-09-08,tracker_jobright,eligibility:country,https://jobright.ai/jobs/info/6a9e2dea68f82b4036738ca1?utm_campaign=Software%20Engineering&utm_source=1103
B,4096,IBM,Software Developer - Confluent Cloud Platform,"Bedford, Canada",,2026-09-08,tracker_jobright,eligibility:country,https://jobright.ai/jobs/info/6a9e39332c964816f65ec034?utm_campaign=Software%20Engineering&utm_source=1103
B,4090,Ciena,"MCP Applications Co-op UI or BE Co-op (Fall 2026, 8+ months)","Ottawa, ON, Canada",,2026-09-08,tracker_jobright,eligibility:country,https://jobright.ai/jobs/info/6a9e488168f82b403673989c?utm_campaign=Software%20Engineering&utm_source=1103
B,4088,OMERS,"Student, Enterprise Architecture Analyst (Winter 2027, 8 Months)","Toronto, ON, Canada",,2026-09-08,tracker_jobright,eligibility:country,https://jobright.ai/jobs/info/6a9e848ba7ba386c5d6726e5?utm_campaign=Software%20Engineering&utm_source=1103
B,4086,Nuclear Graduates,Digital Software Engineering - Nuclear Graduates 2027,"Derby, England, United Kingdom",,2026-09-08,tracker_jobright,eligibility:country,https://jobright.ai/jobs/info/6a9f6da8a7ba386c5d67511f?utm_campaign=Software%20Engineering&utm_source=1103
B,4074,Family Innovation Corp.,Analyst - Technology,"Vancouver, BC, Canada",,2026-09-08,tracker_jobright,eligibility:country,https://jobright.ai/jobs/info/6a70fef402d93145bf88db3b?utm_campaign=Software%20Engineering&utm_source=1103
B,4063,IBM,"Software Developer (Full-Stack, UI-Heavy)","Markham, Ontario, Canada",,2026-09-08,tracker_jobright,eligibility:country,https://jobright.ai/jobs/info/6a9ecf31f6ea002358296a1c?utm_campaign=Software%20Engineering&utm_source=1103
B,4051,Mark43,Full Stack Engineer,"Manchester, England, United Kingdom",,2026-09-08,tracker_jobright,eligibility:country,https://jobright.ai/jobs/info/6a549889c8eb0843027b062f?utm_campaign=Software%20Engineering&utm_source=1103
A,4025,Extropic,Machine Learning Resident,"Boston, MA; Waltham, MA",2026-09-08,2026-09-08,tracker_simplify,eligibility:opportunity_type,https://jobs.ashbyhq.com/extropic/f9d4811c-3a4c-4a6a-a739-8719ff9c6bab/application?embed=true
A,4023,Caterpillar,Data Scientist / Technical Analyst,"Peoria, IL; Chicago, IL; Mossville, IL; Irving, TX",2026-09-07,2026-09-08,tracker_simplify,eligibility:opportunity_type,https://cat.wd5.myworkdayjobs.com/CaterpillarCareers/job/Chicago-Illinois/Data-Scientist---Technical-Analyst_R0000392872
A,4022,Caterpillar,Software Engineer,"Peoria, IL; Chicago, IL; Irving, TX",2026-09-07,2026-09-08,tracker_simplify,eligibility:opportunity_type,https://cat.wd5.myworkdayjobs.com/CaterpillarCareers/job/Chicago-Illinois/Software-Engineer_R0000392873
A,4020,Topgolf International,Service Support,"Greensboro, NC",2026-09-07,2026-09-08,tracker_simplify,eligibility:opportunity_type,https://topgolf.wd501.myworkdayjobs.com/TopgolfCareers/job/Greensboro-North-Carolina/Service-Support_JR2023-22739
A,3987,Domino's,Customer Service Representative,"The Colony, TX",2026-09-05,2026-09-08,tracker_simplify,eligibility:opportunity_type,https://jobs.smartrecruiters.com/Dominos/744000147617924
A,3963,Topgolf International,Service Support,"Chattanooga, TN",2026-09-04,2026-09-08,tracker_simplify,eligibility:opportunity_type,https://topgolf.wd501.myworkdayjobs.com/TopgolfCareers/job/Chattanooga-Tennessee/Service-Support_JR2023-22713
A,3962,Rivian,Software Engineer - Cloud & Software FinOps,"Atlanta, GA",2026-09-04,2026-09-08,tracker_simplify,eligibility:opportunity_type,https://careers.rivian.com/jobs/33476?icims=1
A,3935,CVS Health,Assistant Product Development Manager,"Woonsocket, RI",2026-09-04,2026-09-08,tracker_simplify,eligibility:opportunity_type,https://cvshealth.wd1.myworkdayjobs.com/CVS_Health_Careers/job/RI---Woonsocket/Assistant-Product-Development-Manager_R1011648
A,3933,Aspen Dental,Dental Assistant,"Evansville, IN",2026-09-04,2026-09-08,tracker_simplify,eligibility:opportunity_type,https://aspendental.wd1.myworkdayjobs.com/careers_aspen_dental/job/Evansville-Indiana/Dental-Assistant_R2026-011124-1
A,3843,CrowdGen by Appen,AI Personalization Evaluation - Project Athabasca,Remote in USA,2026-09-03,2026-09-08,tracker_simplify,eligibility:opportunity_type,https://jobs.lever.co/appen/407f58a5-9991-408b-8d30-229f2917d6e7/apply
A,3838,American Institutes for Research,Data Scientist Assistant,"Arlington County, Arlington, VA",2026-09-03,2026-09-08,tracker_simplify,eligibility:opportunity_type,https://job-boards.greenhouse.io/americaninstitutesforresearch/jobs/5414317008
A,3400,Penta Group,Global Monitoring + Insights,Remote in USA,2026-09-03,2026-09-08,tracker_simplify,eligibility:opportunity_type,https://jobs.lever.co/pentagrp/872f8d11-7741-4243-a0ee-b45f7f98162f/apply
A,3394,WebMD,AI Automation Analyst,"Newark, NJ",2026-09-03,2026-09-08,tracker_simplify,eligibility:opportunity_type,https://jobs.jobvite.com/webmd/job/oepEAfwB?nl=1&nl=1&fr=false
A,3314,Nationwide,Software Engineer - Full Stack - Application Product Security,"Columbus, OH",2026-09-02,2026-09-08,tracker_simplify,eligibility:opportunity_type,https://nationwide.wd1.myworkdayjobs.com/Nationwide_Career/job/Ohio---Columbus-Three-Nationwide-Plaza/Engineer--Software-Engineer--Full-Stack-_100006
B,4551,Philips,"Co-op – Design Release Engineer - Cambridge, MA - Jan - Aug 2027","Cambridge, MA, United States",,2026-09-08,tracker_jobright,eligibility:opportunity_type,https://jobright.ai/jobs/info/6a970e80e4e60e4b8da5bcf8?utm_campaign=Software%20Engineering&utm_source=1103
B,4549,OnLogic,Firmware Engineering Co-op,"Cary, NC, United States",,2026-09-08,tracker_jobright,eligibility:opportunity_type,https://jobright.ai/jobs/info/6a9713dbd13b4819f39deed3?utm_campaign=Software%20Engineering&utm_source=1103
B,4548,OnLogic,Firmware Engineering Co-op,"South Burlington, VT, United States",,2026-09-08,tracker_jobright,eligibility:opportunity_type,https://jobright.ai/jobs/info/6a9713eb246d697dcee03377?utm_campaign=Software%20Engineering&utm_source=1103
B,4528,Johnson & Johnson MedTech,Software Engineering Co-Op. Summer 2027,"Cincinnati, OH, United States",,2026-09-08,tracker_jobright,eligibility:opportunity_type,https://jobright.ai/jobs/info/6a974686b22f636c814171a1?utm_campaign=Software%20Engineering&utm_source=1103
B,4414,Schneider Electric,Embedded Engineer Spring Co-Op,"Andover, Massachusetts, United States",,2026-09-08,tracker_jobright,eligibility:opportunity_type,https://jobright.ai/jobs/info/6a987fe6af954907d6573aa8?utm_campaign=Software%20Engineering&utm_source=1103
B,4400,Collins Aerospace,Software Engineering Co-op (Winter/Spring 2027),"Cedar Rapids, IA, United States",,2026-09-08,tracker_jobright,eligibility:opportunity_type,https://jobright.ai/jobs/info/6a997261551435518ebee64a?utm_campaign=Software%20Engineering&utm_source=1103
B,4399,Collins Aerospace,Software Engineering Co-op (Summer/Fall 2027),"Cedar Rapids, IA, United States",,2026-09-08,tracker_jobright,eligibility:opportunity_type,https://jobright.ai/jobs/info/6a99f9791388387060591c91?utm_campaign=Software%20Engineering&utm_source=1103
B,4395,Siemens Digital Industries Software,"Strategic Student Program: Integration Quality Assurance Co-Op (EBS, Spring 2027)","Huntsville, AL, United States",,2026-09-08,tracker_jobright,eligibility:opportunity_type,https://jobright.ai/jobs/info/6a9a69c66c308f08f89c5d22?utm_campaign=Software%20Engineering&utm_source=1103
B,4332,Skillz,"Co-op, Software Engineer","Las Vegas, NV, United States",,2026-09-08,tracker_jobright,eligibility:opportunity_type,https://jobright.ai/jobs/info/6a99a2f7551435518ebeff25?utm_campaign=Software%20Engineering&utm_source=1103
B,4318,GE Vernova,GE Vernova Software Engineering - Co-op -Summer - Fall,"Rochester, United States of America",,2026-09-08,tracker_jobright,eligibility:opportunity_type,https://jobright.ai/jobs/info/6a99da621388387060590e79?utm_campaign=Software%20Engineering&utm_source=1103
B,4116,IBM,Associate Package Spcialist – Oracle Cloud 2027,"Chicago, IL, United States",,2026-09-08,tracker_jobright,eligibility:opportunity_type,https://jobright.ai/jobs/info/6a9e23dc2c964816f65ebcb6?utm_campaign=Software%20Engineering&utm_source=1103
B,4085,Medpace,Junior Software Engineer,"Denver, CO, United States",,2026-09-08,tracker_jobright,eligibility:opportunity_type,https://jobright.ai/jobs/info/6a8dd506d34f700f87fd64eb?utm_campaign=Software%20Engineering&utm_source=1103
B,4075,Daybreak Game Company LLC,QA Analyst (Temp)- Magic The Gathering Online,"San Diego, CA, United States",,2026-09-08,tracker_jobright,eligibility:opportunity_type,https://jobright.ai/jobs/info/6a53cd028a74e077472f9a99?utm_campaign=Software%20Engineering&utm_source=1103
B,4073,GE Aerospace,Engines Engineering Co-op – Computer or Software Engineering – US – Spring 2027,"Evendale, OH, United States",,2026-09-08,tracker_jobright,eligibility:opportunity_type,https://jobright.ai/jobs/info/6a8279ffb5a0ac0e84a21122?utm_campaign=Software%20Engineering&utm_source=1103
B,4059,Leaf Health,Software Engineer,"Austin, TX, United States",,2026-09-08,tracker_jobright,eligibility:opportunity_type,https://jobright.ai/jobs/info/6a9eee41f6ea002358296fae?utm_campaign=Software%20Engineering&utm_source=1103
B,4042,"American Honda Motor Company, Inc.",Quality Assurance Specialist,"Anna, OH, United States",,2026-09-08,tracker_jobright,eligibility:opportunity_type,https://jobright.ai/jobs/info/6a9878b0dd171c72857926cf?utm_campaign=Software%20Engineering&utm_source=1103
A,4012,NXP Semiconductors,Entry Level Digital Design Engineer,"Austin, TX",2026-09-07,2026-09-08,tracker_simplify,eligibility:role_family,https://nxp.wd3.myworkdayjobs.com/en-US/careers/job/Austin-Oakhill-Office/Entry-Level-Digital-Design-Engineer_R-10065555
A,4011,NXP Semiconductors,Digital Verification Engineer,"Austin, TX",2026-09-07,2026-09-08,tracker_simplify,eligibility:role_family,https://nxp.wd3.myworkdayjobs.com/en-US/careers/job/Austin-Oakhill-Office/Entry-Level-Digital-Verification-Engineer_R-10065543
A,4008,NXP Semiconductors,Digital Physical Design Engineer,"Austin, TX",2026-09-07,2026-09-08,tracker_simplify,eligibility:role_family,https://nxp.wd3.myworkdayjobs.com/en-US/careers/job/Austin-Oakhill-Office/Entry-Level-Digital-Physical-Design-Engineer_R-10065547
A,4004,Domino's,Customer Service Representative,"Central, SC",2026-09-06,2026-09-08,tracker_simplify,eligibility:role_family,https://jobs.smartrecruiters.com/Dominos/744000147654929
A,4002,Lowes Foods Grocery Stores,Community Table Coordinator,"Myrtle Beach, SC",2026-09-05,2026-09-08,tracker_simplify,eligibility:role_family,https://careers-lowesfoods.icims.com/jobs/140920/job?mobile=true&needsRedirect=false
A,4001,Tyson Foods,Analytics Analyst,"Springdale, AR",2026-09-05,2026-09-08,tracker_simplify,eligibility:role_family,https://tysonfoods.wd5.myworkdayjobs.com/TSN/job/Corporate---Springdale-Arkansas/Analytics-Analyst---Walmart_R0483678-1
A,4000,Tyson Foods,Customer Category Analyst - Costco,"Springdale, AR",2026-09-05,2026-09-08,tracker_simplify,eligibility:role_family,https://tysonfoods.wd5.myworkdayjobs.com/TSN/job/Corporate---Springdale-Arkansas/Customer-Category-Analyst---Costco_R0483651-1
A,3991,Dutch Bros,Broista,"Yuma, AZ",2026-09-04,2026-09-08,tracker_simplify,eligibility:role_family,https://dutchbros.wd1.myworkdayjobs.com/en-US/DBShops/job/11350-S-Fortuna-Rd-Yuma-AZ-85367/Broista---Yuma--AZ_REQ-20022
A,3988,ZRS Management,Housekeeper,"Austin, TX",2026-09-04,2026-09-08,tracker_simplify,eligibility:role_family,https://zrsmanagement.wd5.myworkdayjobs.com/zrs_careers/job/Austin-TX-78721/Housekeeper_R-108236
A,3947,Rambus,Lead MTS Power Management IC Application and Validation Engineer,"San Jose, CA",2026-09-04,2026-09-08,tracker_simplify,eligibility:role_family,https://careers-rambus.icims.com/jobs/23056/job?mobile=true&needsRedirect=false
A,3945,Abbott,Senior Master Data Analyst,"Abbott Park, Green Oaks, IL",2026-09-04,2026-09-08,tracker_simplify,eligibility:role_family,https://abbott.wd5.myworkdayjobs.com/abbottcareers/job/United-States---Illinois---Abbott-Park/Senior-Master-Data-Analyst_31160329
A,3941,PENN Entertainment,Barback,"Plainville, MA",2026-09-04,2026-09-08,tracker_simplify,eligibility:role_family,https://careersapply-pennentertainment.icims.com/jobs/145458/job?mobile=true&needsRedirect=false
A,3937,Baptist Health,Scheduling Coordinator - Surgical Associates,"Louisville, KY",2026-09-04,2026-09-08,tracker_simplify,eligibility:role_family,https://bhs.wd1.myworkdayjobs.com/careers/job/Louisville-KY/Scheduling-Coordinator_R26106321
A,3932,Aspen Dental,Patient Coordinator,"Topsham, ME",2026-09-04,2026-09-08,tracker_simplify,eligibility:role_family,https://aspendental.wd1.myworkdayjobs.com/careers_aspen_dental/job/Topsham-Maine/Patient-Coordinator_R2026-011122
A,3841,Stanley Black & Decker,Associate Product Manager - Tools & Outdoor,"Towson, MD",2026-09-03,2026-09-08,tracker_simplify,eligibility:role_family,https://sbdinc.wd1.myworkdayjobs.com/en-US/Stanley_Black_Decker_Career_Site/job/Towson-MD-United-States/Associate-Product-Manager_REQ-1000051914
A,3828,BJ's Wholesale Club,Pricing Analyst,"Marlborough, MA",2026-09-03,2026-09-08,tracker_simplify,eligibility:role_family,https://bjswholesaleclub.wd1.myworkdayjobs.com/BJsCareers/job/BJs-Club-Support-Center-Marlborough-MA-5997/Pricing-Analyst_R250676
A,3812,Texas Instruments,Design Verification Engineer,"Knoxville, TN; Dallas, TX; Phoenix, AZ; Tucson, AZ",2026-09-03,2026-09-08,tracker_simplify,eligibility:role_family,https://edbz.fa.us2.oraclecloud.com/hcmUI/CandidateExperience/en/sites/CX/job/25017553
A,3808,Salt Lake County,GIS Cadastral Analyst 1,"Salt Lake City, UT",2026-09-03,2026-09-08,tracker_simplify,eligibility:role_family,https://careers-slco.icims.com/jobs/41411/job?mobile=true&needsRedirect=false
A,3807,The Home Depot,Data Analyst - Speed to Customer,"Atlanta, GA",2026-09-03,2026-09-08,tracker_simplify,eligibility:role_family,https://homedepot.wd5.myworkdayjobs.com/careerdepot/job/STORE-SUPPORT-CENTER-ATLANTA---9090/Data-Analyst---Speed-to-Customer_Req192512
A,3805,Side,Associate Product Manager - Transaction & Compliance Management,SF,2026-09-03,2026-09-08,tracker_simplify,eligibility:role_family,https://jobs.lever.co/sideinc/6c86d143-9c9f-44e0-bb37-90ad5d592a62/apply
A,3605,Westinghouse Electric Company,SAP Material Master Data Specialist,"Minneapolis, MN",2026-09-03,2026-09-08,tracker_simplify,eligibility:role_family,https://careers.westinghousenuclear.com/WECTEC_Staffing/job/Minneapolis-SAP-Material-Master-Data-Specialist-NC-28652/1426438100/?ats=successfactors
A,3568,Perseus Group,MBS Trader,"Chevy Chase, MD",2026-09-03,2026-09-08,tracker_simplify,eligibility:role_family,https://talentmanagementsolution.wd3.myworkdayjobs.com/en-US/perseus-careers/job/Chevy-Chase-Maryland---USA/MBS-Trader_R53041
A,3433,Micron Technology,New College Grad - Design Engineer - Circuit Design,"San Jose, CA",2026-09-03,2026-09-08,tracker_simplify,eligibility:role_family,https://micron.wd1.myworkdayjobs.com/External/job/San-Jose-CA/Staff-Engineer--Circuit-Design_JR94667
A,3415,Texas Instruments,Digital IC Design Engineer - Career Accelerator Program,"Knoxville, TN; Dallas, TX; Tucson, AZ; United States",2026-09-03,2026-09-08,tracker_simplify,eligibility:role_family,https://edbz.fa.us2.oraclecloud.com/hcmUI/CandidateExperience/en/sites/CX/job/25017551
A,3414,Texas Instruments,Analog Design Engineer - Career Accelerator Program,"Knoxville, TN; Dallas, TX; Phoenix, AZ; Tucson, AZ",2026-09-03,2026-09-08,tracker_simplify,eligibility:role_family,https://edbz.fa.us2.oraclecloud.com/hcmUI/CandidateExperience/en/sites/CX/job/25017549
A,3399,Universal Health Services,Associate Revenue Cycle Analyst - Analytics,"Tredyffrin Township, PA",2026-09-03,2026-09-08,tracker_simplify,eligibility:role_family,https://jobs.uhsinc.com/jobs/367273?icims=1
A,3384,CTG,Data Modeler / Data Architect - Snowflake & Data Warehousing,Remote in USA,2026-09-03,2026-09-08,tracker_simplify,eligibility:role_family,https://careers.ctg.com/jobs/17509?icims=1
A,3354,General Dynamics Mission Systems,Engineering Leadership Program Engineer - Class of 2027,"Orlando, FL",2026-09-03,2026-09-08,tracker_simplify,eligibility:role_family,https://careers-gdms.icims.com/jobs/74727/job?mobile=true&needsRedirect=false
A,3321,WisdomTree,AI Solutions Analyst,NYC,2026-09-03,2026-09-08,tracker_simplify,eligibility:role_family,https://jobs.lever.co/wisdomtree/621718c3-779f-4e9c-9681-be75dafc427e/apply
A,3417,Hewlett Packard Enterprise,Electrical Design Engineer Graduate - Board Engineer,"Spring, TX; Chippewa Falls, WI",2026-09-02,2026-09-08,tracker_simplify,eligibility:role_family,https://hpe.wd5.myworkdayjobs.com/acjobsite/job/Spring-Texas-United-States-of-America/Electrical-Design-Engineer-Graduate_1213429
A,3368,Deluxe,Data Driven Marketing Analyst - Audience Design,NYC,2026-09-02,2026-09-08,tracker_simplify,eligibility:role_family,https://deluxe.wd5.myworkdayjobs.com/en-US/USA_CAN/job/New-York-NY-USA/Data-Driven-Marketing-Analyst---Audience-Design_261123WD
A,3364,NXP Semiconductors,Entry Level Digital Verification Engineer,"Austin, TX",2026-09-02,2026-09-08,tracker_simplify,eligibility:role_family,https://nxp.wd3.myworkdayjobs.com/en-US/careers/job/Austin-Oakhill-Office/Entry-Level-Digital-Verification-Engineer_R-10065556
A,3316,Bluehawk,Exploitation Specialist - Data Scientist,"Springfield, VA",2026-09-02,2026-09-08,tracker_simplify,eligibility:role_family,https://careers-bluehawk.icims.com/jobs/2898/job?mobile=true&needsRedirect=false
A,3312,Trace Labs,Researcher,NYC,2026-09-02,2026-09-08,tracker_simplify,eligibility:role_family,https://jobs.ashbyhq.com/tracelabs/7c8ad43b-bb8c-4cc2-8004-25a66d575822/application?embed=true
A,3345,Textron,Electrical Engineer 1 - Crewed Land,"Slidell, LA",2026-09-01,2026-09-08,tracker_simplify,eligibility:role_family,https://textron.taleo.net/careersection/textron/jobdetail.ftl?job=342702
A,3339,Textron,Electrical Engineer 1 - Electronic Systems,"Hunt Valley, Cockeysville, MD",2026-09-01,2026-09-08,tracker_simplify,eligibility:role_family,https://textron.taleo.net/careersection/textron/jobdetail.ftl?job=342663
A,3338,Textron,Cyber Security Engineer - Air Systems,"Hunt Valley, Cockeysville, MD",2026-09-01,2026-09-08,tracker_simplify,eligibility:role_family,https://textron.taleo.net/careersection/textron/jobdetail.ftl?job=342900
A,3336,L3Harris Technologies,Associate Integration/Test Engineer,"Forest, VA",2026-09-01,2026-09-08,tracker_simplify,eligibility:role_family,"https://jobs.l3harris.com/job/Forest-Associate,%C2%A0IntegrationTest-Engineer-VA-24551/1425416700/?ats=successfactors"
A,3335,L3Harris Technologies,Associate Integration & Test Engineer,"Clinton, MD; Clifton, NJ",2026-09-01,2026-09-08,tracker_simplify,eligibility:role_family,"https://jobs.l3harris.com/job/Clifton-Associate,-Integration-&-Test-Engineer-NJ-07014/1425415700/?ats=successfactors"
A,3332,Millennium Physician Group,Medical Economics Analyst,Remote in USA,2026-09-01,2026-09-08,tracker_simplify,eligibility:role_family,https://verawholehealth.wd1.myworkdayjobs.com/MPG/job/US---Remote/Medical-Economics-Analyst_M104708
A,3330,Nidus Technologies,Robot Teleoperation Operator,NYC,2026-09-01,2026-09-08,tracker_simplify,eligibility:role_family,https://jobs.ashbyhq.com/nidus-technologies/85c97e16-8336-4ab6-985d-152b0faab764/application?embed=true
A,3326,Avalore,Configuration Manager,"Arlington County, Arlington, VA",2026-09-01,2026-09-08,tracker_simplify,eligibility:role_family,https://apply.workable.com/avalore/j/B0B5647E68/apply
A,3291,MSA Safety,Data Analyst,"Cranberry Township, PA",2026-09-01,2026-09-08,tracker_simplify,eligibility:role_family,https://careers.msasafety.com/jobs/9987?icims=1
A,3290,GlobalFoundries,eFuse Device Engineer,"Essex Junction, VT",2026-09-01,2026-09-08,tracker_simplify,eligibility:role_family,https://globalfoundries.wd1.myworkdayjobs.com/External/job/Essex-Junction/eFuse-Device-Engineer_JR-2603084
A,3280,Publicis Groupe,Audience & Insights Analyst,"Plano, TX",2026-09-01,2026-09-08,tracker_simplify,eligibility:role_family,https://careers.publicisgroupe.com/jobs/172081?icims=1
A,3276,L3Harris Technologies,Associate Integration/Test Engineer,"Londonderry, NH",2026-09-01,2026-09-08,tracker_simplify,eligibility:role_family,"https://jobs.l3harris.com/job/Londonderry-Associate,-IntegrationTest-Engineering-NH-03053/1425421200/?ats=successfactors"
A,3274,L3Harris Technologies,Associate Product Management,"Rochester, NY",2026-09-01,2026-09-08,tracker_simplify,eligibility:role_family,"https://jobs.l3harris.com/job/Rochester-Associate,-Product-Management-NY-14609/1425467400/?ats=successfactors"
A,3204,Johns Hopkins Applied Physics Laboratory,Sensor Systems/Data Analytics New Grad,"Laurel, MD",2026-09-01,2026-09-08,tracker_simplify,eligibility:role_family,https://careers.jhuapl.edu/jobs/59770?icims=1
B,4292,TikTok,Testing Engineer Graduate (TikTok - Intelligent Creation) - 2027 Start,"San Jose, CA, United States",,2026-09-08,tracker_jobright,eligibility:role_family,https://jobright.ai/jobs/info/6a750bb0972ac843c6998b1d?utm_campaign=Software%20Engineering&utm_source=1103
B,4229,NVIDIA,"Solutions Architect, WWFO - New College Graduate 2027","Santa Clara, CA, United States",,2026-09-08,tracker_jobright,eligibility:role_family,https://jobright.ai/jobs/info/6a9b59a7d5ff1f3f1c39ee4c?utm_campaign=Software%20Engineering&utm_source=1103
B,4222,TikTok,Testing Engineer Graduate (TikTok-Testing-Social-User and Relation) - 2027 Start,"San Jose, CA, United States",,2026-09-08,tracker_jobright,eligibility:role_family,https://jobright.ai/jobs/info/6a750bbe972ac843c6998b2f?utm_campaign=Software%20Engineering&utm_source=1103
B,4207,NVIDIA AI,"Solutions Architect, WWFO - New College Graduate 2027","Santa Clara, CA, United States",,2026-09-08,tracker_jobright,eligibility:role_family,https://jobright.ai/jobs/info/6a9bc413c1d6f91bc38835f8?utm_campaign=Software%20Engineering&utm_source=1103
B,4200,Visionworks of America,Quality Assurance Tech,"San Antonio, TX, United States",,2026-09-08,tracker_jobright,eligibility:role_family,https://jobright.ai/jobs/info/6a7f4b20927c79391ad07a0a?utm_campaign=Software%20Engineering&utm_source=1103
B,4161,3Red Partners,"Graduate Trader (2027 Incoming Graduate, Full-Time)","Chicago, IL, United States",,2026-09-08,tracker_jobright,eligibility:role_family,https://jobright.ai/jobs/info/6a5a56cc686b4755d1e1491e?utm_campaign=Software%20Engineering&utm_source=1103
B,4157,WHOOP,Android Engineer,"Boston, MA",,2026-09-08,tracker_jobright,eligibility:role_family,https://jobright.ai/jobs/info/6a16c1c4128680351d96caf0?utm_campaign=Software%20Engineering&utm_source=1103
B,4136,"Sheffield Pharmaceuticals, LLC",Quality Assurance Administrator,"New London, CT, United States",,2026-09-08,tracker_jobright,eligibility:role_family,https://jobright.ai/jobs/info/6a6bb568ca1f9338465fbf8b?utm_campaign=Software%20Engineering&utm_source=1103
B,4089,Notability,"Junior Engineer, Web Apps","San Francisco, CA, United States",,2026-09-08,tracker_jobright,eligibility:role_family,https://jobright.ai/jobs/info/6a8bd807680f314a29d41fe4?utm_campaign=Software%20Engineering&utm_source=1103
B,4038,Subway,Miami - Development - Spec- Development Technology,"Miami, FL, United States",,2026-09-08,tracker_jobright,eligibility:role_family,https://jobright.ai/jobs/info/6a95a782c8763a3a87ffb18c?utm_campaign=Software%20Engineering&utm_source=1103
A,3989,Fresenius Medical Care,Patient Care Technician,"Norristown, PA",2026-09-04,2026-09-08,tracker_simplify,eligibility:role_family_excluded,https://freseniusmedicalcare.wd3.myworkdayjobs.com/fme/job/Norristown-PA/Patient-Care-Technician--Training-Provided_R0268334
A,3982,Fresenius Medical Care,Patient Care Technician,"Ottawa, OH",2026-09-04,2026-09-08,tracker_simplify,eligibility:role_family_excluded,https://freseniusmedicalcare.wd3.myworkdayjobs.com/fme/job/Ottawa-OH-USA/Patient-Care-Technician---PCT_R0266770-1
A,3976,INTERA,Geoscience Technician,"Austin, TX",2026-09-04,2026-09-08,tracker_simplify,eligibility:role_family_excluded,https://recruiting.paylocity.com/Recruiting/Jobs/Details/4481774
A,3967,Garmin,Component Engineering Technician,"Olathe, KS",2026-09-04,2026-09-08,tracker_simplify,eligibility:role_family_excluded,https://careers.garmin.com/jobs/19715?icims=1
A,3788,Boeing,Test & Evaluation Lab Technician - Associate or Experienced - Overnight Shift,"Smithfield, PA; Uniontown, PA",2026-09-04,2026-09-08,tracker_simplify,eligibility:role_family_excluded,https://boeing.wd1.myworkdayjobs.com/EXTERNAL_CAREERS/job/USA---Smithfield-PA/Test---Evaluation-Lab-Technician--Associate-or-Experienced---Overnight-Shift-_JR2026511757-1
A,3914,OpenLoop,Business Analyst,Remote in USA,2026-09-03,2026-09-08,tracker_simplify,eligibility:role_family_excluded,https://jobs.ashbyhq.com/openloophealth/d90def69-84a7-45d2-9e3a-9cd5381d4535/application?embed=true
A,3344,Textron,Business Analyst,"Cartersville, GA",2026-09-02,2026-09-08,tracker_simplify,eligibility:role_family_excluded,https://textron.taleo.net/careersection/textron/jobdetail.ftl?job=343151
A,3215,TRUCKING PEOPLE,Data Capture Technician - AI & Construction,"Plainview, TX",2026-09-01,2026-09-08,tracker_simplify,eligibility:role_family_excluded,https://truckingpeople.applytojob.com/apply/0AjzZz1mg2/PARTTIME-DATA-CAPTURE-TECHNICIAN-AI-CONSTRUCTION
A,3214,TRUCKING PEOPLE,Data Capture Technician - AI & Construction,"Lubbock, TX",2026-09-01,2026-09-08,tracker_simplify,eligibility:role_family_excluded,https://truckingpeople.applytojob.com/apply/eK6VOXuIWl/PARTTIME-DATA-CAPTURE-TECHNICIAN-AI-CONSTRUCTION
B,4523,Intelliswift - An LTTS Company,Telecom - Software Tester 3,"Plano, TX, United States",,2026-09-08,tracker_jobright,eligibility:role_family_excluded,https://jobright.ai/jobs/info/6a975180f5337b2cf73217d2?utm_campaign=Software%20Engineering&utm_source=1103
B,4483,Niagara Bottling,IT Functional Analyst I - MDM,"Diamond Bar, CA, United States",,2026-09-08,tracker_jobright,eligibility:role_family_excluded,https://jobright.ai/jobs/info/6a976f91f5337b2cf7321ef8?utm_campaign=Software%20Engineering&utm_source=1103
B,4447,iFIT,QA Software Tester I,"Logan, UT, United States",,2026-09-08,tracker_jobright,eligibility:role_family_excluded,https://jobright.ai/jobs/info/6a68fbabb22f1b56a602a088?utm_campaign=Software%20Engineering&utm_source=1103
B,4409,Welocalize,Linguistic QA Tester / Proofreader de_DE,"Austin, TX, United States",,2026-09-08,tracker_jobright,eligibility:role_family_excluded,https://jobright.ai/jobs/info/6a99bd5d040e5c3d075986f1?utm_campaign=Software%20Engineering&utm_source=1103
B,4372,MANTECH,SAP Data Services Tester,USA-Remote Work,,2026-09-08,tracker_jobright,eligibility:role_family_excluded,https://jobright.ai/jobs/info/6a5b56f0686b4755d1e19447?utm_campaign=Software%20Engineering&utm_source=1103
B,4349,Palmetto Gourmet Foods,Quality Assurance Technician,"Saluda, SC, United States",,2026-09-08,tracker_jobright,eligibility:role_family_excluded,https://jobright.ai/jobs/info/6a99afca551435518ebf05fa?utm_campaign=Software%20Engineering&utm_source=1103
B,4194,Accenture Federal Services,Software System Tester/Business Analyst,"Springfield, VA, United States",,2026-09-08,tracker_jobright,eligibility:role_family_excluded,https://jobright.ai/jobs/info/6a41ef6d16b1493953284c5e?utm_campaign=Software%20Engineering&utm_source=1103
B,4095,Andromeda Systems Incorporated,QA Manual Tester,"Jacksonville, FL, United States",,2026-09-08,tracker_jobright,eligibility:role_family_excluded,https://jobright.ai/jobs/info/6a9e3bd5dacf777321a90ebf?utm_campaign=Software%20Engineering&utm_source=1103
A,3972,FieldPulse,Product Manager - Core Product,"Dallas, TX",2026-09-04,2026-09-08,tracker_simplify,eligibility:seniority,https://ats.rippling.com/fieldpulse/jobs/efebb108-3d13-4024-803f-0b991c0c6c08
A,3960,Ernst & Young,Product Manager Analyst - Other Tax - EY Foundry,NYC,2026-09-04,2026-09-08,tracker_simplify,eligibility:seniority,https://eyglobal.yello.co/jobs/d_KrVLa1N9S02xxd891qIw?job_board_id=c1riT--B2O-KySgYWsZO1Q
A,3946,Halma,Product Manager,"Scottsdale, AZ",2026-09-04,2026-09-08,tracker_simplify,eligibility:seniority,https://halma.wd3.myworkdayjobs.com/halma/job/Scottsdale/Product-Manager_JR26_001013
A,3844,L3Harris Technologies,Software Engineer - Engineering Leadership Development Program,"Melbourne, FL",2026-09-03,2026-09-08,tracker_simplify,eligibility:seniority,https://jobs.l3harris.com/job/Melbourne-Engineering-Leadership-Development-Program-Software-Engineer-(Various-Locations)-FL-32919/1426639800/?ats=successfactors
A,3809,Aptiv,Product Manager ADAS - Advanced Safety Software and Systems,"Boston, MA",2026-09-03,2026-09-08,tracker_simplify,eligibility:seniority,https://aptiv.wd5.myworkdayjobs.com/aptiv_careers/job/Boston-MA---USA/Product-Manager-ADAS_J000703323
A,3409,Roblox,Associate Product Manager - Early Career,"San Mateo, CA",2026-09-03,2026-09-08,tracker_simplify,eligibility:seniority,https://boards.greenhouse.io/roblox/jobs/8143976
A,3359,Cigna Group,Analytics Leadership Development Program Associate,"Raleigh, NC; Morris Plains, NJ; Bloomfield, CT",2026-09-02,2026-09-08,tracker_simplify,eligibility:seniority,https://cigna.wd5.myworkdayjobs.com/cignacareers/job/Bloomfield-CT/Analytics-Leadership-Development-Program--ALDP----Start-Date--July-12--2027_26010472
A,3275,L3Harris Technologies,Senior Associate - Software Engineering,"Nashville, TN",2026-09-01,2026-09-08,tracker_simplify,eligibility:seniority,"https://jobs.l3harris.com/job/Nashville-Senior-Associate,-Software-Engineering-TN-37203/1425448900/?ats=successfactors"
B,4213,L3Harris Technologies,Engineering Leadership Development Program - Software Engineer (Various Locations),"Melbourne, FL, United States",,2026-09-08,tracker_jobright,eligibility:seniority,https://jobright.ai/jobs/info/6a99e065ad752e2ad5502a24?utm_campaign=Software%20Engineering&utm_source=1103
A,4003,Valmont,IT Associate Programmer Analyst,"Carrollton, TX; Omaha, NE",2026-09-05,2026-09-08,tracker_simplify,eligibility:start_window,https://valmont.wd1.myworkdayjobs.com/ValmontCareers/job/Omaha-NE/IT-Associate-Programmer-Analyst_R28670
A,3979,Vestwell,Associate Software Engineer,"Austin, TX",2026-09-04,2026-09-08,tracker_simplify,eligibility:start_window,https://job-boards.greenhouse.io/vestwell/jobs/7983915003
A,3961,Mastercard,Associate Product Specialist - Product Management,"O'Fallon, MO",2026-09-04,2026-09-08,tracker_simplify,eligibility:start_window,https://mastercard.wd1.myworkdayjobs.com/CorporateCareers/job/OFallon-Missouri/Associate-Product-Specialist--Product-Management_R-277014
A,3953,Renesas Electronics,Associate Product Engineer - Hi-Reliability,"Palm Bay, FL",2026-09-04,2026-09-08,tracker_simplify,eligibility:start_window,https://jobs.smartrecruiters.com/RenesasElectronics/744000147562349
A,3952,Spirit AeroSystems,Entry-Level Software Engineer,"Wichita, KS",2026-09-04,2026-09-08,tracker_simplify,eligibility:start_window,https://careers.spiritaero.com/jobs/17433?icims=1
A,3929,Johnson Controls,Early Careers Development Programs - Multiple Disciplines,"Milwaukee, WI",2026-09-04,2026-09-08,tracker_simplify,eligibility:start_window,https://jci.wd5.myworkdayjobs.com/JCI/job/Milwaukee-Wisconsin-United-States-of-America/Early-Careers-Development-Programs--Multiple-Disciplines-_WD30279150
A,3846,L3Harris Technologies,Software Engineer Intern - Engineering Leadership Development Program,"Melbourne, FL",2026-09-03,2026-09-08,tracker_simplify,eligibility:start_window,https://jobs.l3harris.com/job/Melbourne-Engineering-Leadership-Development-Program-Software-Engineer-(Various-Locations)-FL-32919/1426639500/?ats=successfactors
A,3842,Axos Bank,AML Analyst 1,"Omaha, NE",2026-09-03,2026-09-08,tracker_simplify,eligibility:start_window,https://axos.wd5.myworkdayjobs.com/Axos/job/Omaha-NE/BSA-Analyst-I_JR5329
A,3835,Caterpillar,Autonomy and Robotics Engineer,"Mossville, IL; Irving, TX",2026-09-03,2026-09-08,tracker_simplify,eligibility:start_window,https://cat.wd5.myworkdayjobs.com/CaterpillarCareers/job/Mossville-Illinois/Autonomy-and-Robotics-Engineer_R0000392427
A,3817,Invenergy,Geospatial Analyst - GIS,"Chicago, IL",2026-09-03,2026-09-08,tracker_simplify,eligibility:start_window,https://invenergyllc.wd1.myworkdayjobs.com/en-US/invenergycareers/job/Chicago-IL/Analyst--Geospatial--GIS-_R11273-1
A,3814,Nexus Engineering Group,Project Analyst - Project Services,"Cleveland, OH",2026-09-03,2026-09-08,tracker_simplify,eligibility:start_window,https://jobs.lever.co/nexuse-group/092bfc89-f477-485f-a97e-8e7e12c5ec30/apply
A,3811,Self Financial,Associate Software Engineer - UI,"Austin, TX",2026-09-03,2026-09-08,tracker_simplify,eligibility:start_window,https://job-boards.greenhouse.io/selffinancial/jobs/6181750004
A,3413,Aramark,Junior Data Engineer,"Rockville, MD",2026-09-03,2026-09-08,tracker_simplify,eligibility:start_window,https://aramarkcareers.com/UnitedStates/job/Rockville-Jr_-Data-Engineer-MD-20850/1426145000/?ats=successfactors
A,3406,Trulioo,Junior Software Engineer,"San Diego, CA",2026-09-03,2026-09-08,tracker_simplify,eligibility:start_window,https://jobs.ashbyhq.com/trulioo/51347dfe-5ba8-4480-a225-ffd7f641613e/application?embed=true
A,3387,ViaSat,Software Engineer - Automation,"Carlsbad, CA",2026-09-03,2026-09-08,tracker_simplify,eligibility:start_window,https://careers.viasat.com/jobs/6330?icims=1
A,3397,Onto Innovation,Software Engineer 2,"Wilmington, MA",2026-09-02,2026-09-08,tracker_simplify,eligibility:start_window,https://onto.wd1.myworkdayjobs.com/onto_careers/job/Wilmington-MA-Jonspin/Software-Engineer-2_R-6241
A,3374,Safelite,Customer Analytics & Insights Global Early Career Professional,"Columbus, OH",2026-09-02,2026-09-08,tracker_simplify,eligibility:start_window,https://belron.wd3.myworkdayjobs.com/Safelite_Careers/job/COLUMBUS-OH/Customer-Analytics---Insights-Global-Early-Career-Professional_JR74210
A,3373,Safelite,Digital Product Global Early Career Professional,"Columbus, OH",2026-09-02,2026-09-08,tracker_simplify,eligibility:start_window,https://belron.wd3.myworkdayjobs.com/Safelite_Careers/job/COLUMBUS-OH/Digital-Product-Global-Early-Career-Professional_JR74277
A,3372,Safelite,Predictive Analytics Global Early Career Professional,"Columbus, OH",2026-09-02,2026-09-08,tracker_simplify,eligibility:start_window,https://belron.wd3.myworkdayjobs.com/Safelite_Careers/job/COLUMBUS-OH/Predictive-Analytics-Global-Early-Career-Professional_JR74275
A,3369,Watts Water,Product Specialist,"Fort Worth, TX",2026-09-02,2026-09-08,tracker_simplify,eligibility:start_window,https://wattswater.wd5.myworkdayjobs.com/external/job/Fort-Worth-TX/Product-Specialist_10017482
A,3310,Deloitte,AI and Data Engineering Analyst - Government & Public Services,"Austin, TX",2026-09-02,2026-09-08,tracker_simplify,eligibility:start_window,https://apply.deloitte.com/en_US/careers/JobDetail/Consultative-Offerings-Government-Public-Services-Analyst-AI-Data-Engineering-Winter-2027/365230
A,3758,Dollar General,Lead Sales Associate,"Horicon, WI",2026-09-01,2026-09-08,tracker_simplify,eligibility:start_window,https://careers.dollargeneral.com/jobs/191712?icims=1
A,3757,Dollar General,Lead Sales Associate,"Tyrone, PA",2026-09-01,2026-09-08,tracker_simplify,eligibility:start_window,https://careers.dollargeneral.com/jobs/231599?icims=1
A,3756,Dollar General,Lead Sales Associate,"Calhoun, LA",2026-09-01,2026-09-08,tracker_simplify,eligibility:start_window,https://careers.dollargeneral.com/jobs/179954?icims=1
A,3735,Dollar General,Lead Sales Associate,"Haskell, AR",2026-09-01,2026-09-08,tracker_simplify,eligibility:start_window,https://careers.dollargeneral.com/jobs/73635?icims=1
A,3734,Dollar General,Lead Sales Associate,"Benton, AR",2026-09-01,2026-09-08,tracker_simplify,eligibility:start_window,https://careers.dollargeneral.com/jobs/73832?icims=1
A,3679,Altera,FPGA Silicon Validation Engineer,"San Jose, CA",2026-09-01,2026-09-08,tracker_simplify,eligibility:start_window,https://altera.wd1.myworkdayjobs.com/altera/job/San-Jose-California-United-States/FPGA-Silicon-Validation-Engineer_R02626-1
A,3292,Tebra,Software Engineer 1 - Back-End,Remote in USA,2026-09-01,2026-09-08,tracker_simplify,eligibility:start_window,https://job-boards.greenhouse.io/tebra/jobs/4726985005
A,3250,Johns Hopkins Applied Physics Laboratory,"Software Developer - Modeling, Simulation and Analysis Tool","Laurel, MD",2026-09-01,2026-09-08,tracker_simplify,eligibility:start_window,https://careers.jhuapl.edu/jobs/59599?icims=1
A,3243,Johns Hopkins Applied Physics Laboratory,Senior Engineer-Analyst - ISR Scientific Applications,"Laurel, MD",2026-09-01,2026-09-08,tracker_simplify,eligibility:start_window,https://careers.jhuapl.edu/jobs/59911?icims=1
A,3232,Qualcomm,Sensors Software Engineer – Engineer or Senior - Software Engineering,"San Diego, CA",2026-09-01,2026-09-08,tracker_simplify,eligibility:start_window,https://qualcomm.eightfold.ai/careers/job/446720889828
A,3213,DiDi Global,Software Engineer - Planning Selection Autonomy,"San Jose, CA",2026-09-01,2026-09-08,tracker_simplify,eligibility:start_window,https://job-boards.greenhouse.io/didi/jobs/8131851
B,4459,Mach Industries,"December 2026 New Graduate Engineer, Software / GNC","Huntington Beach, CA, United States",,2026-09-08,tracker_jobright,eligibility:start_window,https://jobright.ai/jobs/info/6a9831c2def18223c854de48?utm_campaign=Software%20Engineering&utm_source=1103
B,4252,Amazon,"Software Development Engineer, Early Careers","Cambridge, MA, United States",,2026-09-08,tracker_jobright,eligibility:start_window,https://jobright.ai/jobs/info/6a9b24bcfe45b8490f606fea?utm_campaign=Software%20Engineering&utm_source=1103
B,4242,Vestwell,"Associate, Software Engineer","Austin, TX, United States",,2026-09-08,tracker_jobright,eligibility:start_window,https://jobright.ai/jobs/info/6a9aeff2d5ff1f3f1c39bd7a?utm_campaign=Software%20Engineering&utm_source=1103
B,4217,Audible,"Software Development Engineer, Early Careers","Cambridge, MA, United States",,2026-09-08,tracker_jobright,eligibility:start_window,https://jobright.ai/jobs/info/6a9b67d3138838706059803c?utm_campaign=Software%20Engineering&utm_source=1103
B,4196,Applied Intuition,Embedded Test Engineer - New Grad (December 2026),"Sunnyvale, CA, United States",,2026-09-08,tracker_jobright,eligibility:start_window,https://jobright.ai/jobs/info/6a7fa0e9ad9ff00c26baf82d?utm_campaign=Software%20Engineering&utm_source=1103
B,4163,Freeform,Software Engineer (New Grad December 2026),"Los Angeles, CA, United States",,2026-09-08,tracker_jobright,eligibility:start_window,https://jobright.ai/jobs/info/6a764b6e67a1ad0bc53c9c35?utm_campaign=Software%20Engineering&utm_source=1103
B,4156,WHOOP,Software Engineer I (Backend),"Boston, MA, United States",,2026-09-08,tracker_jobright,eligibility:start_window,https://jobright.ai/jobs/info/6a6765f5d0fb4c3df393c993?utm_campaign=Software%20Engineering&utm_source=1103
B,4150,AXQ Capital,Quantitative Developer,"New York, NY, United States",,2026-09-08,tracker_jobright,eligibility:start_window,https://jobright.ai/jobs/info/6a51263378e364789ca5958e?utm_campaign=Software%20Engineering&utm_source=1103
B,4141,SpaceX,Software Engineer (Starlink),"Hawthorne, CA, United States",,2026-09-08,tracker_jobright,eligibility:start_window,https://jobright.ai/jobs/info/6a7debf70cd4a0703257c841?utm_campaign=Software%20Engineering&utm_source=1103
B,4140,SpaceX,Software Engineer (Starlink),"Redmond, WA, United States",,2026-09-08,tracker_jobright,eligibility:start_window,https://jobright.ai/jobs/info/6a4323d438fa630841050552?utm_campaign=Software%20Engineering&utm_source=1103
B,4117,IBM,Associate Package Specialist 2027 - Oracle Cloud,"Chicago, IL, United States",,2026-09-08,tracker_jobright,eligibility:start_window,https://jobright.ai/jobs/info/6a9e23dc68f82b4036738be0?utm_campaign=Software%20Engineering&utm_source=1103
B,4112,IBM,"Entry Level Cloud Developer - Chicago, IL - 2027","Chicago, IL, United States",,2026-09-08,tracker_jobright,eligibility:start_window,https://jobright.ai/jobs/info/6a9e29b62c964816f65ebd33?utm_campaign=Software%20Engineering&utm_source=1103
B,4052,Parallel,Embedded Software Engineer - Vehicle Software,"Los Angeles, CA, United States",,2026-09-08,tracker_jobright,eligibility:start_window,https://jobright.ai/jobs/info/6a8cc2351d96e6541c8c2de0?utm_campaign=Software%20Engineering&utm_source=1103
B,4037,Notion,"Software Engineer, New Grad (Dec 2026)","San Francisco, CA, United States",,2026-09-08,tracker_jobright,eligibility:start_window,https://jobright.ai/jobs/info/6a7f6a48927c79391ad08c3d?utm_campaign=Software%20Engineering&utm_source=1103
B,4036,Salesforce,Software Engineering AMTS (College Grad),"San Francisco, CA, United States",,2026-09-08,tracker_jobright,eligibility:start_window,https://jobright.ai/jobs/info/6a748ff87b3417772ade04eb?utm_campaign=Software%20Engineering&utm_source=1103
B,4034,Selective Insurance,"IT Commercial Lines Summer Internships – Hartford, CT or Charlotte, NC (Hybrid)","Charlotte, NC, United States",,2026-09-08,tracker_jobright,eligibility:start_window,https://jobright.ai/jobs/info/6a9f949a68f82b403673d606?utm_campaign=Software%20Engineering&utm_source=1103
B,4032,UST HealthProof,Junior Full Stack Developer (Data CoE),"Bellevue, WA, United States",,2026-09-08,tracker_jobright,eligibility:start_window,https://jobright.ai/jobs/info/6a9f977668f82b403673d6c7?utm_campaign=Software%20Engineering&utm_source=1103
A,3990,General Dynamics Mission Systems,Software Engineer,"Scottsdale, AZ",2026-09-05,2026-09-08,tracker_simplify,eligibility:work_authorization,https://careers-gdms.icims.com/jobs/74823/job?mobile=true&needsRedirect=false
A,3984,First National Bank,AI & Digital Development Program Associate,"Pittsburgh, PA",2026-09-04,2026-09-08,tracker_simplify,eligibility:work_authorization,https://fnbcorp.wd501.myworkdayjobs.com/FNBCORP/job/Pittsburgh-PA/AI---Digital-Development-Program---Pittsburgh--PA_2026-02191
A,3983,First National Bank,AI Development Program Associate,"Pittsburgh, PA",2026-09-04,2026-09-08,tracker_simplify,eligibility:work_authorization,https://fnbcorp.wd501.myworkdayjobs.com/FNBCORP/job/Pittsburgh-PA/AI---Digital-Development-Program---Pittsburgh--PA_2026-02192
A,3964,Garner Health,Associate Software Engineer,NYC,2026-09-04,2026-09-08,tracker_simplify,eligibility:work_authorization,https://job-boards.greenhouse.io/garnerhealth/jobs/6174210004
A,3958,AeroVironment,Firmware Engineer - Phased Array Communication Ground Systems,"Albuquerque, NM",2026-09-04,2026-09-08,tracker_simplify,eligibility:work_authorization,https://avav.wd1.myworkdayjobs.com/en-US/avav/job/Albuquerque-NM/Firmware-Engineer-for-Phased-Array-Communication-Ground-Systems_8663
A,3956,Johns Hopkins Applied Physics Laboratory,Robotic/Autonomous Systems Engineer - Maritime Robotics,"Laurel, MD",2026-09-04,2026-09-08,tracker_simplify,eligibility:work_authorization,https://careers.jhuapl.edu/jobs/59967?icims=1
A,3955,Johns Hopkins Applied Physics Laboratory,Data Scientist New Grad - Computer Scientist - Decision Systems,"Laurel, MD",2026-09-04,2026-09-08,tracker_simplify,eligibility:work_authorization,https://careers.jhuapl.edu/jobs/59918?icims=1
A,3954,Johns Hopkins Applied Physics Laboratory,Systems & Software Engineer New Grad - Multi-Domain Mission Planning Development,"Laurel, MD",2026-09-04,2026-09-08,tracker_simplify,eligibility:work_authorization,https://careers.jhuapl.edu/jobs/59974?icims=1
A,3951,Arcfield,Data Scientist 1,"Chantilly, VA",2026-09-04,2026-09-08,tracker_simplify,eligibility:work_authorization,https://careers.arcfield.com/jobs/8614?icims=1
A,3950,Barclays,Quantitative Analytics Analyst Graduate Program - Risk Quantitative Analytics,NYC,2026-09-04,2026-09-08,tracker_simplify,eligibility:work_authorization,https://barclays.wd3.myworkdayjobs.com/External_Career_Site_Barclays/job/New-York-745-7th-Avenue/XMLNAME-2027-Quantitative-Analytics-Analyst-Graduate-Program-New-York_JR-0000131452
A,3949,Barclays,Technology Developer Graduate Program - Expert Program,"Wilmington, DE",2026-09-04,2026-09-08,tracker_simplify,eligibility:work_authorization,https://barclays.wd3.myworkdayjobs.com/External_Career_Site_Barclays/job/XMLNAME-2027-Technology-Developer-Expert-Graduate-Program-Wilmington_JR-0000123440
A,3948,Barclays,Technology Developer Graduate Program,"Hanover, NJ",2026-09-04,2026-09-08,tracker_simplify,eligibility:work_authorization,https://barclays.wd3.myworkdayjobs.com/External_Career_Site_Barclays/job/XMLNAME-2027-Technology-Developer-Graduate-Program-Whippany_JR-0000123244
A,3940,General Dynamics Mission Systems,Entry Level Software Engineer,"Lakewood, OH",2026-09-04,2026-09-08,tracker_simplify,eligibility:work_authorization,https://careers-gdms.icims.com/jobs/73057/job?mobile=true&needsRedirect=false
A,3939,TSC,Firmware Design Engineer,"Huntsville, AL",2026-09-04,2026-09-08,tracker_simplify,eligibility:work_authorization,https://tsc.wd12.myworkdayjobs.com/en-US/TSC-Careers/job/Huntsville-AL/Firmware-Design-Engineer_JR2781
A,3938,Spry Methods,Intelligence Analyst 1,"Huntsville, AL",2026-09-04,2026-09-08,tracker_simplify,eligibility:work_authorization,https://jobs.lever.co/sprymethods/d8bf58d3-8fba-4d0d-8c03-a0a00cfe74ac/apply
A,3927,Johns Hopkins Applied Physics Laboratory,Systems Engineer/Analyst - Multi-Mission Planning Development,"Laurel, MD",2026-09-04,2026-09-08,tracker_simplify,eligibility:work_authorization,https://careers.jhuapl.edu/jobs/59909?icims=1
A,3871,University of Louisville,Institutional Research Analyst 1,"Louisville, KY",2026-09-04,2026-09-08,tracker_simplify,eligibility:work_authorization,https://uofl.wd1.myworkdayjobs.com/UofLCareerSite/job/Belknap-Campus/Institutional-Research-Analyst-I_R109275
A,3837,CesiumAstro,Electrical Engineer 1,"Westminster, CO",2026-09-04,2026-09-08,tracker_simplify,eligibility:work_authorization,https://jobs.lever.co/CesiumAstro/d40a968c-60b0-4c96-b455-44c72ee5ab13/apply
A,3836,CesiumAstro,FPGA Engineer 1,"Austin, TX",2026-09-04,2026-09-08,tracker_simplify,eligibility:work_authorization,https://jobs.lever.co/CesiumAstro/fb2ee9a4-646b-41d8-a037-3acb648db8e1/apply
A,3840,Infinitive,Technology Consultant,"Ashburn, VA",2026-09-03,2026-09-08,tracker_simplify,eligibility:work_authorization,https://infinitive.applytojob.com/apply/oxNOKtQIux/Consultant-Technology-2027
A,3839,General Dynamics Mission Systems,Systems Engineer - Muos,"Manassas, VA",2026-09-03,2026-09-08,tracker_simplify,eligibility:work_authorization,https://careers-gdms.icims.com/jobs/74778/job?mobile=true&needsRedirect=false
A,3826,SMX,Junior Data Analytics & Reporting Specialist,United States,2026-09-03,2026-09-08,tracker_simplify,eligibility:work_authorization,https://boards.greenhouse.io/smxtech/jobs/7984672003
A,3822,Walmart,Economist,"Hoboken, NJ",2026-09-03,2026-09-08,tracker_simplify,eligibility:work_authorization,https://walmart.wd504.myworkdayjobs.com/WalmartExternal/job/USA-121-HOBOKEN-NJ-HOBOKEN-Home-Office/XMLNAME-2027-FT-Manager--Economist_R-2630120
A,3810,RTX,Digital Hardware Design Electrical Engineer 1,"McKinney, TX",2026-09-03,2026-09-08,tracker_simplify,eligibility:work_authorization,https://globalhr.wd5.myworkdayjobs.com/rec_rtx_ext_gateway/job/US-TX-MCKINNEY-513WM--2501-W-University-Dr--WING-M-BLDG/Digital-Hardware-Design-Electrical-Engineer-I--Onsite-_01872576
A,3806,Tyson Foods,IT Product Owner 1,"Springdale, AR",2026-09-03,2026-09-08,tracker_simplify,eligibility:work_authorization,https://tysonfoods.wd5.myworkdayjobs.com/TSN/job/Tyson-Emma---Springdale-Arkansas/IT-Product-Owner-I_R0482203-2
A,3602,First National Bank,Digital Channels Development Program Associate,"Pittsburgh, PA",2026-09-03,2026-09-08,tracker_simplify,eligibility:work_authorization,https://fnbcorp.wd501.myworkdayjobs.com/FNBCORP/job/Pittsburgh-PA/Digital-Channels-Development-Program-Associate_2026-02158
A,3601,First National Bank,Consumer Product Development Program Associate,"Pittsburgh, PA",2026-09-03,2026-09-08,tracker_simplify,eligibility:work_authorization,https://fnbcorp.wd501.myworkdayjobs.com/FNBCORP/job/Pittsburgh-PA/Consumer-Product-Development-Program-Associate_2026-02159
A,3552,Amentum,Entry Level Radiation Test Engineer,"Crane, IN",2026-09-03,2026-09-08,tracker_simplify,eligibility:work_authorization,https://pae.wd1.myworkdayjobs.com/en-US/amentum_careers/job/US-IN-Crane/Entry-Level-Radiation-Test-Engineer_R0169716
A,3423,SIFT,Software Engineer New Grad,"Marina Del Rey, CA",2026-09-03,2026-09-08,tracker_simplify,eligibility:work_authorization,https://jobs.ashbyhq.com/siftstack/0d65481e-e762-4d8f-ae38-5040754a5134/application?embed=true
A,3410,Accenture,Data Engineer,"Tampa, FL",2026-09-03,2026-09-08,tracker_simplify,eligibility:work_authorization,https://boards.greenhouse.io/accenturefederalservices/jobs/4710646006
A,3383,Pennsylvania State University,Electrical Technical Engineering Specialist - Electrical,"State College, PA",2026-09-02,2026-09-08,tracker_simplify,eligibility:work_authorization,https://psu.wd1.myworkdayjobs.com/PSU_Staff/job/Penn-State-University-Park/Technical-Engineering-Specialist--Electrical_REQ_0000081362-2
A,3375,RTX,FPGA Electrical Engineer 1,"Huntsville, AL",2026-09-02,2026-09-08,tracker_simplify,eligibility:work_authorization,https://globalhr.wd5.myworkdayjobs.com/rec_rtx_ext_gateway/job/US-AL-HUNTSVILLE-315--315-Bob-Heath-Dr--BOB-HEATH/FPGA-Electrical-Engineer-I---Onsite_01871787
A,3363,Amentum,Electrical Component Test Engineer,"Crane, IN",2026-09-02,2026-09-08,tracker_simplify,eligibility:work_authorization,https://pae.wd1.myworkdayjobs.com/en-US/amentum_careers/job/US-IN-Crane/Entry-Level-Electrical-Engineer_R0169467
A,3361,Amentum,Entry-Level Electrical Engineer - Microelectronic Component Test,"Crane, IN",2026-09-02,2026-09-08,tracker_simplify,eligibility:work_authorization,https://pae.wd1.myworkdayjobs.com/en-US/amentum_careers/job/US-IN-Crane/Entry-Level-Electrical-Engineer_R0169464-1
A,3360,Amentum,Component Lab Computer Engineer,"Crane, IN",2026-09-02,2026-09-08,tracker_simplify,eligibility:work_authorization,https://pae.wd1.myworkdayjobs.com/en-US/amentum_careers/job/US-IN-Crane/Component-Lab-Computer-Engineer_R0169438
A,3358,RTX,Electrical Components Engineer 1,"Huntsville, AL",2026-09-02,2026-09-08,tracker_simplify,eligibility:work_authorization,https://globalhr.wd5.myworkdayjobs.com/rec_rtx_ext_gateway/job/US-AL-HUNTSVILLE-315--315-Bob-Heath-Dr--BOB-HEATH/Electrical-Components-Engineer-I---Onsite_01871856
A,3356,Newrez,Data Product Engineering Operations Specialist - Multiple Teams,"Coppell, TX",2026-09-02,2026-09-08,tracker_simplify,eligibility:work_authorization,https://newrez.wd1.myworkdayjobs.com/NRZ/job/TX-Coppell/TRAIL-Rising-Leaders-Program---Data-Product-Engineering_R10364
A,3343,RTX,Power & Analog Design Electrical Engineer 1,"McKinney, TX",2026-09-01,2026-09-08,tracker_simplify,eligibility:work_authorization,https://globalhr.wd5.myworkdayjobs.com/rec_rtx_ext_gateway/job/US-TX-MCKINNEY-513WH--2501-W-University-Dr--WING-H-BLDG/Power---Analog-Design-Electrical-Engineer-I--Onsite-_01871484
A,3342,RTX,FPGA Electrical Engineer 1 - Multi-Product Power & Digital,"McKinney, TX",2026-09-01,2026-09-08,tracker_simplify,eligibility:work_authorization,https://globalhr.wd5.myworkdayjobs.com/rec_rtx_ext_gateway/job/US-TX-MCKINNEY-513WD--2501-W-University-Dr--WING-D-BLDG/FPGA-Electrical-Engineer-I--Onsite-_01871238
A,3341,Stryker,Design Engineer - Software - Rise,"Portage, MI",2026-09-01,2026-09-08,tracker_simplify,eligibility:work_authorization,https://stryker.wd1.myworkdayjobs.com/StrykerCareers/job/Portage-Michigan/Design-Engineer---Software--RISE_R571062
A,3334,Johns Hopkins Applied Physics Laboratory,Postdoctoral Researcher in Robotics and Autonomous Systems - Tailored Autonomous Systems Group,"Laurel, MD",2026-09-01,2026-09-08,tracker_simplify,eligibility:work_authorization,https://careers.jhuapl.edu/jobs/59891?icims=1
A,3329,Huntington Ingalls Industries,Systems Test Engineer 1,"Newport News, VA",2026-09-01,2026-09-08,tracker_simplify,eligibility:work_authorization,https://careers.huntingtoningalls.com/job/Newport-News-ENGINEER-SYSTEMS-TEST-1-Virg/1425404300/?ats=successfactors
A,3305,RTX,Digital ASIC/FPGA Design Engineer 1,"McKinney, TX",2026-09-01,2026-09-08,tracker_simplify,eligibility:work_authorization,https://globalhr.wd5.myworkdayjobs.com/rec_rtx_ext_gateway/job/US-TX-MCKINNEY-513WD--2501-W-University-Dr--WING-D-BLDG/Digital-ASIC-FPGA-Design-Engineer-I--Onsite-_01870687
A,3296,AeroVironment,Entry-Level Software Engineer - Specialized Exploitation & Targeting (SET),"Austin, TX",2026-09-01,2026-09-08,tracker_simplify,eligibility:work_authorization,https://avav.wd1.myworkdayjobs.com/en-US/avav/job/Austin-TX/Entry-Level-Software-Engineer_8600
A,3282,General Motors,Entry Level Software Design Release Engineer,"Milford, MI; Warren, MI",2026-09-01,2026-09-08,tracker_simplify,eligibility:work_authorization,https://generalmotors.wd5.myworkdayjobs.com/Careers_GM/job/GM-Global-Technical-Center---Cole-Engineering-Center-Tower/Entry-Level-Software-Design-Release-Engineer_JR-202618509
A,3281,Accenture,Associate Software Engineer - Pega,"Washington, DC",2026-09-01,2026-09-08,tracker_simplify,eligibility:work_authorization,https://boards.greenhouse.io/accenturefederalservices/jobs/4710190006
A,3270,RTX,Software Engineer 1,"Cambridge, MA; Arlington County, Arlington, VA",2026-09-01,2026-09-08,tracker_simplify,eligibility:work_authorization,https://globalhr.wd5.myworkdayjobs.com/fr-CA/Private_Posting_No_TMP/job/US-VA-ARLINGTON-111--1300-17Th-St-N--BBN-ARLINGTON/Software-Engineer-I--Hybrid--Arlington--VA---Cambridge--MA_01870647
A,3257,General Motors,Entry Level Software Engineer,"Milford, MI; Warren, MI",2026-09-01,2026-09-08,tracker_simplify,eligibility:work_authorization,https://generalmotors.wd5.myworkdayjobs.com/en-CA/Careers_GM/job/Warren-Michigan-United-States-of-America/Entry-Level-Software-Engineer_JR-202618756
A,3256,General Motors,Entry Level Hardware Design and Validation - Vehicle Software and Electronics Engineering,"Milford, MI; Warren, MI",2026-09-01,2026-09-08,tracker_simplify,eligibility:work_authorization,https://generalmotors.wd5.myworkdayjobs.com/en-CA/Careers_GM/job/Milford-Michigan-United-States-of-America/Entry-Level-Hardware-Design-and-Validation_JR-202618739
A,3254,Johns Hopkins Applied Physics Laboratory,Artificial Intelligence Engineer New Grad - Intelligent Autonomous Systems,"Laurel, MD",2026-09-01,2026-09-08,tracker_simplify,eligibility:work_authorization,https://careers.jhuapl.edu/jobs/59848?icims=1
A,3248,General Dynamics Mission Systems,Software Engineer,"Pittsfield, MA",2026-09-01,2026-09-08,tracker_simplify,eligibility:work_authorization,https://careers-gdms.icims.com/jobs/74682/job?mobile=true&needsRedirect=false
A,3237,CACI,Software Engineer,"Lisle, IL",2026-09-01,2026-09-08,tracker_simplify,eligibility:work_authorization,https://caci.wd1.myworkdayjobs.com/external/job/Lisle-IL-US/Software-Engineer_331374
A,3203,Everlaw,Software Engineer 1,"Oakland, CA",2026-09-01,2026-09-08,tracker_simplify,eligibility:work_authorization,https://job-boards.greenhouse.io/everlaw/jobs/4705236006
B,4253,Blu Omega,"Enterprise Architect, Jr","San Antonio, TX, United States",,2026-09-08,tracker_jobright,eligibility:work_authorization,https://jobright.ai/jobs/info/6a9b24879c24314c35f97ec8?utm_campaign=Software%20Engineering&utm_source=1103
B,4230,NinjaOne,C++ Software Engineer / Endpoint State & Control),"Maryland, United States",,2026-09-08,tracker_jobright,eligibility:work_authorization,https://jobright.ai/jobs/info/6a9b255690a313642c658bef?utm_campaign=Software%20Engineering&utm_source=1103
B,4219,MANTECH,Junior Application Developer,United States,,2026-09-08,tracker_jobright,eligibility:work_authorization,https://jobright.ai/jobs/info/6a9b465990a313642c65975c?utm_campaign=Software%20Engineering&utm_source=1103
B,4214,Garner Health,Associate Software Engineer,"New York, NY, United States",,2026-09-08,tracker_jobright,eligibility:work_authorization,https://jobright.ai/jobs/info/6a9b91af1388387060598581?utm_campaign=Software%20Engineering&utm_source=1103
B,4203,General Dynamics Information Technology,Test Engineer Associate,"Albany, NY, United States",,2026-09-08,tracker_jobright,eligibility:work_authorization,https://jobright.ai/jobs/info/6a7f5040927c79391ad07c26?utm_campaign=Software%20Engineering&utm_source=1103
B,4198,Wolverine Trading,Entry Level C++ Software Engineer (December 2026 Graduates),"Chicago, IL, United States",,2026-09-08,tracker_jobright,eligibility:work_authorization,https://jobright.ai/jobs/info/6a7f795ce2030208f276e6d6?utm_campaign=Software%20Engineering&utm_source=1103
B,4193,Wolverine Trading,Entry Level C++ Software Engineer (Spring 2027 Graduates),"Chicago, IL, United States",,2026-09-08,tracker_jobright,eligibility:work_authorization,https://jobright.ai/jobs/info/6a7f77ac927c79391ad0958a?utm_campaign=Software%20Engineering&utm_source=1103
B,4185,Gemba Advantage,Software Engineer,London (Hybrid),,2026-09-08,tracker_jobright,eligibility:work_authorization,https://jobright.ai/jobs/info/6a2d3ac2c260bb1b8ae187f6?utm_campaign=Software%20Engineering&utm_source=1103
B,4184,Gemba Advantage,Software Engineer,Manchester (Hybrid),,2026-09-08,tracker_jobright,eligibility:work_authorization,https://jobright.ai/jobs/info/69fa4b0bb1fc847fc1aef7e4?utm_campaign=Software%20Engineering&utm_source=1103
B,4180,CACI International Inc,Junior PeopleSoft Developer,"Herndon, VA, United States",,2026-09-08,tracker_jobright,eligibility:work_authorization,https://jobright.ai/jobs/info/6a9aec772cdc5958f53e8f36?utm_campaign=Software%20Engineering&utm_source=1103
B,4160,Booz Allen Hamilton,Software Engineer,"Chantilly, VA, United States",,2026-09-08,tracker_jobright,eligibility:work_authorization,https://jobright.ai/jobs/info/6a8da619581f2d7bfdfe80ee?utm_campaign=Software%20Engineering&utm_source=1103
B,4159,Booz Allen Hamilton,Software Engineer,"Rome, NY, United States",,2026-09-08,tracker_jobright,eligibility:work_authorization,https://jobright.ai/jobs/info/6a887e6fe8b6601d12906ff1?utm_campaign=Software%20Engineering&utm_source=1103
B,4151,MANTECH,Junior Software Developer,"Saint Inigoes, MD, United States",,2026-09-08,tracker_jobright,eligibility:work_authorization,https://jobright.ai/jobs/info/6a58ee534da96a42cfd8e0f0?utm_campaign=Software%20Engineering&utm_source=1103
B,4135,Pipe17,Junior Software Engineer (SEATTLE ONLY),"Seattle, WA, United States",,2026-09-08,tracker_jobright,eligibility:work_authorization,https://jobright.ai/jobs/info/6a8b42af680f314a29d40ed9?utm_campaign=Software%20Engineering&utm_source=1103
B,4125,IBM,Associate Application Developer - Adobe - 2027,"Buffalo, NY, United States",,2026-09-08,tracker_jobright,eligibility:work_authorization,https://jobright.ai/jobs/info/6a9e22bf68f82b4036738bd0?utm_campaign=Software%20Engineering&utm_source=1103
B,4122,IBM,Associate Application Developer Salesforce - 2027,"Baton Rouge, LA, United States",,2026-09-08,tracker_jobright,eligibility:work_authorization,https://jobright.ai/jobs/info/6a9e236575edfa11b4710627?utm_campaign=Software%20Engineering&utm_source=1103
B,4120,IBM,Associate Application Developer - Oracle - 2027,"Baton Rouge, LA, United States",,2026-09-08,tracker_jobright,eligibility:work_authorization,https://jobright.ai/jobs/info/6a9e236d75edfa11b471062a?utm_campaign=Software%20Engineering&utm_source=1103
B,4119,IBM,Associate Application Developer 2027 - Azure and Microsoft,"Baton Rouge, LA, United States",,2026-09-08,tracker_jobright,eligibility:work_authorization,https://jobright.ai/jobs/info/6a9e237c75edfa11b471062d?utm_campaign=Software%20Engineering&utm_source=1103
B,4114,IBM,"Entry Level Back-End Developer-Houston, TX","Houston, TX, United States",,2026-09-08,tracker_jobright,eligibility:work_authorization,https://jobright.ai/jobs/info/6a9e29b375edfa11b47106b5?utm_campaign=Software%20Engineering&utm_source=1103
B,4113,IBM,"Entry level Backend Developer - San Jose, CA - 2027","San Jose, CA, United States",,2026-09-08,tracker_jobright,eligibility:work_authorization,https://jobright.ai/jobs/info/6a9e29b375edfa11b47106b4?utm_campaign=Software%20Engineering&utm_source=1103
B,4111,IBM,Entry Level Back End Developer 2026,"Poughkeepsie, NY, United States",,2026-09-08,tracker_jobright,eligibility:work_authorization,https://jobright.ai/jobs/info/6a9e29b7a7ba386c5d670e65?utm_campaign=Software%20Engineering&utm_source=1103
B,4108,IBM,Entry Level Software Developer 2027,"Poughkeepsie, NY, United States",,2026-09-08,tracker_jobright,eligibility:work_authorization,https://jobright.ai/jobs/info/6a9e29e175edfa11b47106c5?utm_campaign=Software%20Engineering&utm_source=1103
B,4107,IBM,Entry Level Storage Client Solutions Engineer 2027,"Research Triangle Park, North Carolina, United States",,2026-09-08,tracker_jobright,eligibility:work_authorization,https://jobright.ai/jobs/info/6a9e2a042c964816f65ebd41?utm_campaign=Software%20Engineering&utm_source=1103
B,4104,IBM,"Federal Associate Technical Specialist (Rocket Center, WV)","Rocket Center, West Virginia, United States",,2026-09-08,tracker_jobright,eligibility:work_authorization,https://jobright.ai/jobs/info/6a9e2ac52c964816f65ebd54?utm_campaign=Software%20Engineering&utm_source=1103
B,4103,IBM,Federal Associate Developer 2027,"Herndon, VA, United States",,2026-09-08,tracker_jobright,eligibility:work_authorization,https://jobright.ai/jobs/info/6a9e2ada27c94c3d5a1cb603?utm_campaign=Software%20Engineering&utm_source=1103
B,4099,IBM,QA/Test Developer,"Tucson, AZ, United States",,2026-09-08,tracker_jobright,eligibility:work_authorization,https://jobright.ai/jobs/info/6a9e347aa7ba386c5d671061?utm_campaign=Software%20Engineering&utm_source=1103
B,4098,IBM,QA/Test Developer ELH,"Poughkeepsie, New York, United States",,2026-09-08,tracker_jobright,eligibility:work_authorization,https://jobright.ai/jobs/info/6a9e347cdacf777321a90c41?utm_campaign=Software%20Engineering&utm_source=1103
B,4094,Blue Sky Innovators,"Development, Security & Operation (DevSecOps) SETA","Reston, VA, United States",,2026-09-08,tracker_jobright,eligibility:work_authorization,https://jobright.ai/jobs/info/6a9e3c78a7ba386c5d6713ea?utm_campaign=Software%20Engineering&utm_source=1103
B,4093,IBM,en_US,"Durham, NC, United States",,2026-09-08,tracker_jobright,eligibility:work_authorization,https://jobright.ai/jobs/info/6a9e3cc549f4604c7894e085?utm_campaign=Software%20Engineering&utm_source=1103
B,4071,Lockheed Martin,Software Engineer - E2,"Littleton, CO, United States",,2026-09-08,tracker_jobright,eligibility:work_authorization,https://jobright.ai/jobs/info/6a9a00f3040e5c3d0759a2dd?utm_campaign=Software%20Engineering&utm_source=1103
B,4070,Lockheed Martin,Software Engineer - E2,"Orlando, FL, United States",,2026-09-08,tracker_jobright,eligibility:work_authorization,https://jobright.ai/jobs/info/6a954042c12c90443efce68c?utm_campaign=Software%20Engineering&utm_source=1103
B,4068,Lockheed Martin,Software Engineer,"Colorado Springs, CO, United States",,2026-09-08,tracker_jobright,eligibility:work_authorization,https://jobright.ai/jobs/info/6a8cc3e41d96e6541c8c2e6a?utm_campaign=Software%20Engineering&utm_source=1103
B,4067,Lockheed Martin,Software Engineer,"Offutt Air Force Base, NE, United States",,2026-09-08,tracker_jobright,eligibility:work_authorization,https://jobright.ai/jobs/info/6a905ab20bd89e205d249c9f?utm_campaign=Software%20Engineering&utm_source=1103
B,4062,Leidos,Software Engineer,"Reston, VA, United States",,2026-09-08,tracker_jobright,eligibility:work_authorization,https://jobright.ai/jobs/info/6a572c59f7517b519ad595b1?utm_campaign=Software%20Engineering&utm_source=1103
B,4049,The Tatitlek Corporation,Junior Software Developer,United States,,2026-09-08,tracker_jobright,eligibility:work_authorization,https://jobright.ai/jobs/info/6a8cc2c0d34f700f87fd28d8?utm_campaign=Software%20Engineering&utm_source=1103
B,4045,Sev1Tech LLC,Software Developer I,United States,,2026-09-08,tracker_jobright,eligibility:work_authorization,https://jobright.ai/jobs/info/6a560dc3f7517b519ad5374e?utm_campaign=Software%20Engineering&utm_source=1103
