group,id,company,title,location,date_posted,discovered_at,source,status,fit_score,base_variant,flags,jd_quality,url,fit_rationale
A,4021,Applied Materials,Data Scientist,"Santa Clara, CA",2026-09-07,2026-09-08,tracker_simplify,RESOLVED,,,"[""start_date_unknown""]",ats,https://amat.wd1.myworkdayjobs.com/External/job/Santa-ClaraCA/Data-Scientist_R2627532-1,
A,4010,NXP Semiconductors,Digital Validation Engineer,"Austin, TX",2026-09-07,2026-09-08,tracker_simplify,RESOLVED,,,"[""opportunity_type_inferred"", ""start_date_unknown""]",ats,https://nxp.wd3.myworkdayjobs.com/en-US/careers/job/Austin-Oakhill-Office/Entry-Level-Digital-Validation-Engineer_R-10065559,
A,4009,NXP Semiconductors,Entry Level DFT Design Engineer,"Austin, TX",2026-09-07,2026-09-08,tracker_simplify,RESOLVED,,,"[""start_date_unknown""]",ats,https://nxp.wd3.myworkdayjobs.com/en-US/careers/job/Austin-Oakhill-Office/Entry-Level-Digital-Design-Engineer_R-10065554,
A,4007,TikTok,Data Engineer Graduate,"San Jose, CA",2026-09-07,2026-09-08,tracker_simplify,RESOLVED,,,"[""start_date_unknown""]",ats,https://lifeattiktok.com/search/7681779180341709109,
A,3999,Mass General Brigham,Data Analyst 1,"Somerville, MA",2026-09-05,2026-09-08,tracker_simplify,RESOLVED,,,"[""opportunity_type_inferred"", ""start_date_unknown""]",ats,https://massgeneralbrigham.wd1.myworkdayjobs.com/mgbexternal/job/Somerville-MA/Data-Analyst-I_RQ4078299,
A,3992,AiPrise,Software Engineer 1,"San Jose, CA",2026-09-05,2026-09-08,tracker_simplify,RESOLVED,,,"[""opportunity_type_inferred"", ""start_date_unknown""]",ats,https://jobs.ashbyhq.com/aiprise/baf8a79b-d035-4bc1-8b12-4ef48e0257ba/application?embed=true,
A,3981,ID.me,Software Development Engineer New Grad,"Mountain View, CA",2026-09-04,2026-09-08,tracker_simplify,RESOLVED,,,,ats,https://job-boards.greenhouse.io/idmeuniversityrecruiting/jobs/7980382003,
A,3980,Scale AI,Software Engineer New Grad,SF,2026-09-04,2026-09-08,tracker_simplify,RESOLVED,,,"[""country_unknown"", ""start_date_unknown""]",ats,https://job-boards.greenhouse.io/scaleai/jobs/4730836005,
A,3978,Houlihan Lokey,AI Business Development Analyst,"Atlanta, GA",2026-09-04,2026-09-08,tracker_simplify,RESOLVED,,,"[""start_date_unknown""]",ats,https://hl.wd1.myworkdayjobs.com/Campus/job/Atlanta-GA-USA/AI-Business-Development-Analyst_R3556-1,
A,3977,Techtronic Industries (TTI),Tool Integration Electrical Engineer 1/2,"Anderson, SC",2026-09-04,2026-09-08,tracker_simplify,RESOLVED,,,"[""opportunity_type_inferred"", ""start_date_unknown""]",ats,https://tti.wd1.myworkdayjobs.com/tti_pe/job/Anderson-SC/Tool-Integration-Electrical-Engineer-I-II_R77485,
A,3974,Aerotech,Software Engineer - Application Development,"Pittsburgh, PA",2026-09-04,2026-09-08,tracker_simplify,RESOLVED,,,"[""authorization_ambiguous"", ""opportunity_type_inferred"", ""start_date_unknown""]",ats,https://aerotech.applytojob.com/apply/F6xsydip1r/Software-Engineer-Application-Development,
A,3973,Aerotech,Software Engineer - Enterprise Development,"Pittsburgh, PA",2026-09-04,2026-09-08,tracker_simplify,RESOLVED,,,"[""authorization_ambiguous"", ""opportunity_type_inferred"", ""start_date_unknown""]",ats,https://aerotech.applytojob.com/apply/K8ctztnPW6/Software-Engineer-Enterprise-Development,
A,3971,Credence,Entry-Level AI Software Engineer,"McLean, VA",2026-09-04,2026-09-08,tracker_simplify,RESOLVED,,,"[""opportunity_type_inferred"", ""start_date_unknown""]",ats,https://apply.workable.com/credence/j/BAD39E80E0/apply,
A,3970,Edgehog Trading,Graduate Software Engineer,"Chicago, IL",2026-09-04,2026-09-08,tracker_simplify,RESOLVED,,,"[""start_date_unknown""]",ats,https://ats.rippling.com/edgehog-trading/jobs/0d6b0e5c-be84-4324-8ee3-b875504e01d8,
A,3969,Edgehog Trading,Graduate Quantitative Trader,"Chicago, IL",2026-09-04,2026-09-08,tracker_simplify,RESOLVED,,,"[""start_date_unknown""]",ats,https://ats.rippling.com/edgehog-trading/jobs/96354af0-1bd0-4703-a654-e3d591b07777,
A,3966,Geosyntec Consultants,Early-Career Water Resources Engineer,"Portland, OR",2026-09-04,2026-09-08,tracker_simplify,RESOLVED,,,"[""opportunity_type_inferred"", ""start_date_unknown""]",ats,https://careers-geosyntec.icims.com/jobs/4833/job?mobile=true&needsRedirect=false,
A,3959,Ernst & Young,Artificial Intelligence Analyst - Tax Technology and Transformation - Artificial Intelligence,"Dallas, TX; NYC",2026-09-04,2026-09-08,tracker_simplify,RESOLVED,,,"[""country_unknown"", ""start_date_unknown""]",ats,https://eyglobal.yello.co/jobs/k-0h0FlaXImE-sESVrR35A?job_board_id=c1riT--B2O-KySgYWsZO1Q,
A,3942,HealthEdge,Associate Software Engineer,"Boston, MA; Remote in USA",2026-09-04,2026-09-08,tracker_simplify,RESOLVED,,,"[""start_date_unknown""]",ats,https://careers-healthedge.icims.com/jobs/8440/job?mobile=true&needsRedirect=false,
A,3928,Ernst & Young,Tax Data & Technology Analyst - Business Tax Services - Federal Tax Advisory,"Miami, FL; Dallas, TX; Chicago, IL; NYC",2026-09-04,2026-09-08,tracker_simplify,RESOLVED,,,"[""country_unknown"", ""start_date_unknown""]",ats,https://eyglobal.yello.co/jobs/sICJHMbSclBfC8TwwrccEw?job_board_id=c1riT--B2O-KySgYWsZO1Q,
A,3849,Applied Materials,Software Engineer - New College Grad-Master's,"Chandler, AZ",2026-09-03,2026-09-08,tracker_simplify,RESOLVED,,,"[""start_date_unknown""]",ats,https://amat.wd1.myworkdayjobs.com/External/job/ChandlerAZ/Software-Engineer--New-College-Grad--Master-s--Chandler--AZ-_R2627911,
A,3847,Applied Materials,Data Scientist 2 - Supply Chain Analytics,"Santa Clara, CA",2026-09-03,2026-09-08,tracker_simplify,RESOLVED,,,"[""start_date_unknown""]",ats,https://amat.wd1.myworkdayjobs.com/External/job/Santa-ClaraCA/Data-Scientist-II--New-College-Grad--Master-s--Santa-Clara--CA-_R2627771,
A,3834,Cadence Design Systems,Software Engineer,"San Jose, CA",2026-09-03,2026-09-08,tracker_simplify,RESOLVED,,,"[""opportunity_type_inferred"", ""start_date_unknown""]",ats,https://cadence.wd1.myworkdayjobs.com/Univ_Careers/job/SAN-JOSE/Software-Engineer---new-college-grad-Dec-2026-_R55738-2,
A,3833,Cadence Design Systems,Software Engineer New Grad,"San Jose, CA",2026-09-03,2026-09-08,tracker_simplify,RESOLVED,,,"[""start_date_unknown""]",ats,https://cadence.wd1.myworkdayjobs.com/University_Talent_NCG/job/SAN-JOSE/Software-Engineer---new-college-grad-Dec-2026-_R55738,
A,3825,Micron Technology,Electrical Failure Analysis Engineer New Grad - Yield Enhancement,"Boise, ID",2026-09-03,2026-09-08,tracker_simplify,RESOLVED,,,"[""start_date_unknown""]",ats,https://micron.wd1.myworkdayjobs.com/External/job/Boise-ID---ID1/New-College-Grad---Yield-Enhancement-Electrical-Failure-Analysis-Engineer_JR109479,
A,3820,Micron Technology,HBM Product Development Failure Analysis Engineer New Grad,"Boise, ID",2026-09-03,2026-09-08,tracker_simplify,RESOLVED,,,"[""start_date_unknown""]",ats,https://micron.wd1.myworkdayjobs.com/External/job/Boise-ID---Main-Site/New-College-Grad---HBM-Product-Development-Failure-Analysis-Engineer_JR110630,
A,3819,Skyward,Data Migration Engineer,"Stevens Point, WI",2026-09-03,2026-09-08,tracker_simplify,RESOLVED,,,"[""start_date_unknown""]",ats,https://jobs.smartrecruiters.com/Skyward1/744000147336520,
A,3818,Hewlett Packard,Embedded Firmware and Software Engineer,"Spring, TX",2026-09-03,2026-09-08,tracker_simplify,RESOLVED,,,"[""start_date_unknown""]",ats,https://hp.wd5.myworkdayjobs.com/externalcareersite/job/Spring-Texas-United-States-of-America/Embedded-Firmware-and-Software-Engineer_3161388-2,
A,3816,Emerus Holdings,Junior Business Intelligence Developer,"The Woodlands, TX",2026-09-03,2026-09-08,tracker_simplify,RESOLVED,,,"[""opportunity_type_inferred"", ""start_date_unknown""]",ats,https://careers-emerus.icims.com/jobs/23145/job?mobile=true&needsRedirect=false,
A,3813,Johns Hopkins Applied Physics Laboratory,Graduate - Multiple Teams,"Laurel, MD",2026-09-03,2026-09-08,tracker_simplify,RESOLVED,,,,ats,https://careers.jhuapl.edu/jobs/59849?icims=1,
A,3554,Johns Hopkins Applied Physics Laboratory,Software Development Graduate - AI,"Laurel, MD",2026-09-03,2026-09-08,tracker_simplify,RESOLVED,,,,ats,https://careers.jhuapl.edu/jobs/59691?icims=1,
A,3422,Amazon,Applied Scientist - Global Risk Intelligence and Prevention - Seller Abuse Prevention,"Seattle, WA",2026-09-03,2026-09-08,tracker_simplify,RESOLVED,,,"[""opportunity_type_inferred"", ""start_date_unknown""]",ats,https://amazon.jobs/en/jobs/10528088/applied-scientist-global-risk-intelligence-and-prevention-seller-abuse-prevention,
A,3408,Arch,Software Engineer - Early Careers,NYC,2026-09-03,2026-09-08,tracker_simplify,RESOLVED,,,"[""country_unknown""]",ats,https://jobs.ashbyhq.com/arch.co/9fde8d03-9f47-44ac-bd14-53829722c06d/application?embed=true,
A,3407,Arch,Operations Engineer - Early Careers,NYC,2026-09-03,2026-09-08,tracker_simplify,RESOLVED,,,"[""country_unknown""]",ats,https://jobs.ashbyhq.com/arch.co/3600530a-7f41-4583-8d92-443f6978c847/application?embed=true,
A,3405,Lyte AI,Optical System Integration Engineer - System Optics,"Sunnyvale, CA",2026-09-03,2026-09-08,tracker_simplify,RESOLVED,,,"[""opportunity_type_inferred"", ""start_date_unknown""]",ats,https://ats.rippling.com/lyte/jobs/6136b8d2-90a9-449e-94b2-716f30cf8e3a,
A,3398,Anduril,Early Career Flight Software Engineer,"Costa Mesa, CA",2026-09-03,2026-09-08,tracker_simplify,RESOLVED,,,,ats,https://boards.greenhouse.io/andurilindustries/jobs/5228868007,
A,3385,PQ,AI-Augmented Software Engineer,"Malvern, PA",2026-09-03,2026-09-08,tracker_simplify,RESOLVED,,,"[""start_date_unknown""]",ats,https://jobs.smartrecruiters.com/PQ/744000147064769,
A,3362,Kikoff,Software Engineer New Grad,SF,2026-09-03,2026-09-08,tracker_simplify,RESOLVED,,,"[""country_unknown"", ""start_date_unknown""]",ats,https://job-boards.greenhouse.io/kikoff/jobs/4393822009,
A,3355,Keysight Technologies,Software Engineer - Measurement Applications,"Colorado Springs, CO",2026-09-03,2026-09-08,tracker_simplify,RESOLVED,,,"[""start_date_unknown""]",ats,https://jobs.keysight.com/jobs/54139?icims=1,
A,3416,Horizon media,Associate Data Science - Marketing Science,NYC,2026-09-02,2026-09-08,tracker_simplify,RESOLVED,,,"[""country_unknown"", ""opportunity_type_inferred"", ""start_date_unknown""]",ats,https://horizonmedia.wd1.myworkdayjobs.com/en-US/CareerOpportunities/job/New-York-New-York/Associate--Data-Science_R0017491,
A,3389,KLA Corporation,Systems Engineer,"Milpitas, CA",2026-09-02,2026-09-08,tracker_simplify,RESOLVED,,,"[""opportunity_type_inferred"", ""start_date_unknown""]",ats,https://kla.wd1.myworkdayjobs.com/search/job/Milpitas-CA/System-Engineer_2640152,
A,3386,Baker Hughes,Software Engineer,"Minden, NV",2026-09-02,2026-09-08,tracker_simplify,RESOLVED,,,"[""start_date_unknown""]",ats,https://bakerhughes.wd5.myworkdayjobs.com/BakerHughes/job/US-NV-MINDEN-1631-BENTLY-PARKWAY-SOUTH/Software-Engineer_R168272,
A,3370,Deluxe,Data Driven Marketing Analyst - Performance Optimization,NYC,2026-09-02,2026-09-08,tracker_simplify,RESOLVED,,,"[""country_unknown"", ""opportunity_type_inferred""]",ats,https://deluxe.wd5.myworkdayjobs.com/en-US/USA_CAN/job/New-York-NY-USA/Data-Driven-Marketing-Analyst---Performance-Optimization_261111WD,
A,3357,Cigna Group,AI Innovation Development Program Associate - AIIDP,"Raleigh, NC",2026-09-02,2026-09-08,tracker_simplify,RESOLVED,,,,ats,https://cigna.wd5.myworkdayjobs.com/cignacareers/job/Raleigh-NC/Artificial-Intelligence-Innovation-Development-Program--AIIDP----Start-Date--July-12--2027_26010473,
A,3349,Unlimited,Modeling and Analysis Engineer,SF,2026-09-02,2026-09-08,tracker_simplify,RESOLVED,,,"[""country_unknown"", ""opportunity_type_inferred"", ""start_date_unknown""]",ats,https://jobs.ashbyhq.com/unlimitedindustries/fe258c19-7d26-44df-bddf-9c9d0264f102/application?embed=true,
A,3313,Unlimited,Hardware Engineer - Multiple Teams,SF,2026-09-02,2026-09-08,tracker_simplify,RESOLVED,,,"[""country_unknown"", ""opportunity_type_inferred"", ""start_date_unknown""]",ats,https://jobs.ashbyhq.com/unlimitedindustries/f9a8d2e3-79a8-464b-9e1d-77aa649c38bd/application?embed=true,
A,3311,Textron,Software Engineer 1 - Weapons,"Wilmington, MA",2026-09-02,2026-09-08,tracker_simplify,RESOLVED,,,"[""opportunity_type_inferred"", ""start_date_unknown""]",ats,https://textron.taleo.net/careersection/textron/jobdetail.ftl?job=344818,
A,3306,Johns Hopkins Applied Physics Laboratory,Applied Algorithms Engineer New Grad,"Laurel, MD",2026-09-02,2026-09-08,tracker_simplify,RESOLVED,,,,ats,https://careers.jhuapl.edu/jobs/59902?icims=1,
A,3829,Fin,Sales Data Analyst,SF,2026-09-01,2026-09-08,tracker_simplify,RESOLVED,,,"[""country_unknown"", ""opportunity_type_inferred"", ""start_date_unknown""]",ats,https://job-boards.greenhouse.io/intercom/jobs/8146103,
A,3348,Amazon,Robotics System Development Engineer,"Austin, TX",2026-09-01,2026-09-08,tracker_simplify,RESOLVED,,,"[""opportunity_type_inferred"", ""start_date_unknown""]",ats,https://amazon.jobs/en/jobs/10523031/robotics-system-development-engineer,
A,3340,NVIDIA,Applied Systems Engineering Rotation Engineer New Grad,"Santa Clara, CA",2026-09-01,2026-09-08,tracker_simplify,RESOLVED,,,"[""start_date_unknown""]",ats,https://nvidia.wd5.myworkdayjobs.com/NVIDIAExternalCareerSite/job/US-CA-Santa-Clara/Applied-Systems-Engineering-Rotation-Engineer---New-College-Graduate-2026_JR2024713,
A,3337,Dimensional Fund Advisors,Researcher - Fixed Income,"Austin, TX",2026-09-01,2026-09-08,tracker_simplify,RESOLVED,,,"[""opportunity_type_inferred"", ""start_date_unknown""]",ats,https://dimensional.wd5.myworkdayjobs.com/dfa_careers/job/Austin/Researcher--Fixed-Income-_2026-9044,
A,3331,Motorola,Applied AI Engineer 1 - Supply Chain,"Chicago, IL",2026-09-01,2026-09-08,tracker_simplify,RESOLVED,,,"[""start_date_unknown""]",ats,https://motorolasolutions.wd5.myworkdayjobs.com/Careers/job/Chicago-IL/Applied-AI-Engineer-I---Supply-Chain_R67371,
A,3323,Omnicom Group,Experience Design Analyst - Design Engineering,"Houston, TX; Chicago, IL; NYC; Denver, CO; Atlanta, GA; Addison, TX",2026-09-01,2026-09-08,tracker_simplify,RESOLVED,,,"[""opportunity_type_inferred"", ""start_date_unknown""]",ats,https://interpublic.wd5.myworkdayjobs.com/omc/job/Addison-Texas-United-States-of-America/Credera-Experience-Design-Analyst--Design-Engineering-_R14049,
A,3322,KLA,Product Development Engineer,"Ann Arbor, MI",2026-09-01,2026-09-08,tracker_simplify,RESOLVED,,,"[""opportunity_type_inferred"", ""start_date_unknown""]",ats,https://kla.wd1.myworkdayjobs.com/UR/job/Ann-Arbor-MI/Product-Development-Engineer_2640391,
A,3315,Clearwater Analytics,Associate Software Development Engineer,"Boise, ID",2026-09-01,2026-09-08,tracker_simplify,RESOLVED,,,"[""opportunity_type_inferred"", ""start_date_unknown""]",ats,https://clearwateranalytics.wd1.myworkdayjobs.com/Clearwater_Analytics_Careers/job/Office---Boise/Associate-Software-Development-Engineer_R12179,
A,3309,Gunvor,Quantitative Analysis Graduate,"Houston, TX",2026-09-01,2026-09-08,tracker_simplify,RESOLVED,,,"[""start_date_unknown""]",ats,https://gunvor.wd3.myworkdayjobs.com/Gunvor_Careers/job/Houston/Graduate-Program---Quantitative-Analysis_JR102791-1,
A,3308,Expedia Group,Software Development Engineer 1,"Seattle, WA",2026-09-01,2026-09-08,tracker_simplify,RESOLVED,,,"[""opportunity_type_inferred"", ""start_date_unknown""]",ats,https://expedia.wd108.myworkdayjobs.com/private/job/Washington---Seattle-Campus/Software-Development-Engineer-I_R-108739-2,
A,3289,Paramount Global,Data Scientist,"Burbank, CA; NYC",2026-09-01,2026-09-08,tracker_simplify,RESOLVED,,,"[""country_unknown"", ""opportunity_type_inferred"", ""start_date_unknown""]",ats,https://careers.paramount.com/job/Burbank-Data-Scientist-CA-91505/1425617500/?ats=successfactors,
A,3288,Valon,Software Engineer New Grad,SF; NYC,2026-09-01,2026-09-08,tracker_simplify,RESOLVED,,,"[""country_unknown"", ""start_date_unknown""]",ats,https://jobs.ashbyhq.com/Valon/e08ad09a-4408-4210-8c1b-da6510f83324/application?embed=true,
A,3287,Apple,Cellular Layer-1 Control Software Development Engineer - Wireless Technologies & Ecosystems,"Sunnyvale, CA",2026-09-01,2026-09-08,tracker_simplify,RESOLVED,,,"[""opportunity_type_inferred"", ""start_date_unknown""]",ats,https://jobs.apple.com/en-us/details/200681316,
A,3286,Major League Baseball,International Scouting Associate,"Boston, MA",2026-09-01,2026-09-08,tracker_simplify,RESOLVED,,,"[""opportunity_type_inferred""]",ats,https://jobs.lever.co/redsox/a1a2b37d-27db-4b91-a0ac-4a47c0cae5aa/apply,
A,3284,DaVita,Clinical Data Analyst - Clinical Analytics and Reporting,"Denver, CO",2026-09-01,2026-09-08,tracker_simplify,RESOLVED,,,"[""opportunity_type_inferred"", ""start_date_unknown""]",ats,https://davita.wd1.myworkdayjobs.com/DKC_External/job/09567---Denver-HQ-Non-CA-or-CO-Remote/Data-Analyst--Clinical-Analytics-and-Reporting_R0472175,
A,3283,KLA,Software Engineer,"Milpitas, CA",2026-09-01,2026-09-08,tracker_simplify,RESOLVED,,,"[""opportunity_type_inferred"", ""start_date_unknown""]",ats,https://kla.wd1.myworkdayjobs.com/UR/job/Milpitas-CA/Software-Engineer_2640196,
A,3277,InterSystems,Software Engineer Rotational Program - Early Career,"Boston, MA",2026-09-01,2026-09-08,tracker_simplify,RESOLVED,,,,ats,https://job-boards.greenhouse.io/intersystems/jobs/7827894003,
A,3272,Vermeer,Embedded Software Engineer 1 - Engineering Development Program,"Pella, IA",2026-09-01,2026-09-08,tracker_simplify,RESOLVED,,,"[""opportunity_type_inferred"", ""start_date_unknown""]",ats,https://vermeer.wd5.myworkdayjobs.com/externalcareersite/job/Pella-Iowa-USA---Plant-7--West-Segment-Office/Engineer-I---Embedded-Software-Engineer--Engineering-Development-Program-2027-_REQ-22180,
A,3271,Peraton,Associate Software Engineer - Cyber,"Annapolis Junction, MD",2026-09-01,2026-09-08,tracker_simplify,RESOLVED,,,"[""opportunity_type_inferred""]",ats,https://careers-peraton.icims.com/jobs/170237/job?mobile=true&needsRedirect=false,
A,3255,AIG,Data Scientist Analyst - Generative AI - Data Science,"Atlanta, GA",2026-09-01,2026-09-08,tracker_simplify,RESOLVED,,,"[""opportunity_type_inferred""]",ats,https://aig.wd1.myworkdayjobs.com/aig/job/GA-Atlanta/XMLNAME-2027-Early-Careers--Analyst--Gen-AI---Data-Science---United-States--Atlanta--GA_JR2603656-1,
A,3253,Johns Hopkins Applied Physics Laboratory,Systems Engineer/Analyst,"Laurel, MD",2026-09-01,2026-09-08,tracker_simplify,RESOLVED,,,,ats,https://careers.jhuapl.edu/jobs/59373?icims=1,
A,3252,Johns Hopkins Applied Physics Laboratory,Software Developer 2027 Graduate - Tactical System Prototyping and Deployment,"Laurel, MD",2026-09-01,2026-09-08,tracker_simplify,RESOLVED,,,,ats,https://careers.jhuapl.edu/jobs/59558?icims=1,
A,3251,Johns Hopkins Applied Physics Laboratory,Software Developer New Grad - Engagement Optimization,"Laurel, MD",2026-09-01,2026-09-08,tracker_simplify,RESOLVED,,,,ats,https://careers.jhuapl.edu/jobs/59510?icims=1,
A,3249,Johns Hopkins Applied Physics Laboratory,Data Analyst New Grad - Engagement Optimization,"Laurel, MD",2026-09-01,2026-09-08,tracker_simplify,RESOLVED,,,,ats,https://careers.jhuapl.edu/jobs/59507?icims=1,
A,3246,Wintermute,Graduate Algorithmic Trader,NYC,2026-09-01,2026-09-08,tracker_simplify,RESOLVED,,,"[""country_unknown"", ""start_date_unknown""]",ats,https://jobs.lever.co/wintermute-trading/d962dc39-8839-4e13-a37a-baba49e52b44/apply,
A,3242,Hunter Douglas,Product Specialist,"Broomfield, CO",2026-09-01,2026-09-08,tracker_simplify,RESOLVED,,,"[""opportunity_type_inferred"", ""start_date_unknown""]",ats,https://boards.greenhouse.io/hunterdouglas/jobs/7983491003,
A,3241,Johns Hopkins Applied Physics Laboratory,Postdoctoral Researcher in Artificial Intelligence,"Laurel, MD",2026-09-01,2026-09-08,tracker_simplify,RESOLVED,,,"[""opportunity_type_inferred"", ""start_date_unknown""]",ats,https://careers.jhuapl.edu/jobs/59905?icims=1,
A,3240,Ciena,Software Developer New Grad,"Atlanta, GA",2026-09-01,2026-09-08,tracker_simplify,RESOLVED,,,"[""start_date_unknown""]",ats,https://ciena.wd5.myworkdayjobs.com/Careers/job/Atlanta/WaveLogic-Software-Developer---New-Grad_R031608,
A,3239,Johns Hopkins Applied Physics Laboratory,PhD Graduate - Statistics and Data Science,"Laurel, MD",2026-09-01,2026-09-08,tracker_simplify,RESOLVED,,,,ats,https://careers.jhuapl.edu/jobs/59889?icims=1,
A,3238,Johns Hopkins Applied Physics Laboratory,Machine Learning PhD New Grad - Machine Learning and Artificial Intelligence,"Laurel, MD",2026-09-01,2026-09-08,tracker_simplify,RESOLVED,,,,ats,https://careers.jhuapl.edu/jobs/59888?icims=1,
A,3235,Barclays,Electronic Trading Associate Graduate Program,NYC,2026-09-01,2026-09-08,tracker_simplify,RESOLVED,,,"[""country_unknown"", ""start_date_unknown""]",ats,https://barclays.wd3.myworkdayjobs.com/External_Career_Site_Barclays/job/New-York-745-7th-Avenue/Electronic-Trading-Associate-Graduate-Program-2027-New-York_JR-0000122953-1,
A,3233,Textron,Software Engineer - Sea Systems,"Hunt Valley, Cockeysville, MD",2026-09-01,2026-09-08,tracker_simplify,RESOLVED,,,"[""opportunity_type_inferred"", ""start_date_unknown""]",ats,https://textron.taleo.net/careersection/textron/jobdetail.ftl?job=342905,
A,3231,Textron,Software Engineer 1 - Electronic Systems,"Hunt Valley, Cockeysville, MD",2026-09-01,2026-09-08,tracker_simplify,RESOLVED,,,"[""opportunity_type_inferred"", ""start_date_unknown""]",ats,https://textron.taleo.net/careersection/textron/jobdetail.ftl?job=342666,
A,3225,Stripe,Software Engineer New Grad,"Seattle, WA; SF; NYC",2026-09-01,2026-09-08,tracker_simplify,RESOLVED,,,"[""country_unknown"", ""start_date_unknown""]",ats,https://boards.greenhouse.io/stripe/jobs/8128744,
A,3224,Katalyst Space Technologies,Software Engineer New Grad - Software Engineer 1,"Broomfield, CO",2026-09-01,2026-09-08,tracker_simplify,RESOLVED,,,"[""start_date_unknown""]",ats,https://job-boards.greenhouse.io/katalyst/jobs/6176710004,
A,3222,IXL Learning,Software Engineer New Grad,"Raleigh, NC",2026-09-01,2026-09-08,tracker_simplify,RESOLVED,,,"[""start_date_unknown""]",ats,https://www.ixl.com/company/jobs?gh_jid=8765745002,
A,3216,Sierra,Software Engineer New Grad - Agent,SF; NYC,2026-09-01,2026-09-08,tracker_simplify,RESOLVED,,,"[""country_unknown"", ""start_date_unknown""]",ats,https://jobs.ashbyhq.com/Sierra/149f368c-52d5-408f-ba26-ad888f318a00/application?embed=true,
A,3212,Prelim,Software Engineer - Product,NYC,2026-09-01,2026-09-08,tracker_simplify,RESOLVED,,,"[""authorization_ambiguous"", ""country_unknown"", ""start_date_unknown""]",ats,https://jobs.ashbyhq.com/prelim/bf4c1a5d-32d5-4f3b-b1d2-42a3e1fd7409/application?embed=true,
A,3211,Avalore,Support Systems Developer/Engineer,"Arlington County, Arlington, VA",2026-09-01,2026-09-08,tracker_simplify,RESOLVED,,,"[""opportunity_type_inferred"", ""start_date_unknown""]",ats,https://apply.workable.com/avalore/j/60903E3667/apply,
B,4255,Yext,Software Engineer,"New York, NY, United States",,2026-09-08,tracker_jobright,RESOLVED,,,"[""opportunity_type_inferred"", ""sponsor_likely"", ""start_date_unknown""]",aggregator,https://jobright.ai/jobs/info/6a9b12be2cdc5958f53eabbd?utm_campaign=Software%20Engineering&utm_source=1103,
B,4251,Tata Elxsi,Motion Planning Engineer,"California, United States",,2026-09-08,tracker_jobright,RESOLVED,,,"[""opportunity_type_inferred"", ""sponsor_likely"", ""start_date_unknown""]",aggregator,https://jobright.ai/jobs/info/6a9b26f2fe45b8490f607094?utm_campaign=Software%20Engineering&utm_source=1103,
B,4248,Envisioneering Inc,Junior/Mid-level Software Engineer,"Washington, DC, United States",,2026-09-08,tracker_jobright,RESOLVED,,,"[""opportunity_type_inferred"", ""start_date_unknown""]",aggregator,https://jobright.ai/jobs/info/6a5fed1633ef5c58b4000ee7?utm_campaign=Software%20Engineering&utm_source=1103,
B,4246,Huntington National Bank,Junior Backend Java Developer- Enterprise Payments and Credit Card,"Minnetonka, MN, United States",,2026-09-08,tracker_jobright,RESOLVED,,,"[""authorization_ambiguous"", ""start_date_unknown""]",aggregator,https://jobright.ai/jobs/info/6a9aeee990a313642c656bfa?utm_campaign=Software%20Engineering&utm_source=1103,
B,4245,Capgemini,JOB ID 12239: Software Engineer,"Ashburn, VA, 20147, United States",,2026-09-08,tracker_jobright,RESOLVED,,,"[""opportunity_type_inferred"", ""sponsor_likely"", ""start_date_unknown""]",aggregator,https://jobright.ai/jobs/info/6a4733e08204a812e98cb25a?utm_campaign=Software%20Engineering&utm_source=1103,
B,4244,Chime,"Full-Stack Engineer, Human Agent Tooling","San Francisco, CA, United States",,2026-09-08,tracker_jobright,RESOLVED,,,"[""opportunity_type_inferred"", ""sponsor_likely"", ""start_date_unknown""]",aggregator,https://jobright.ai/jobs/info/6a88a4c3d34f700f87fc9ab0?utm_campaign=Software%20Engineering&utm_source=1103,
B,4243,Auto-Chlor System,Junior Software Engineer,"Mountain View, CA, United States",,2026-09-08,tracker_jobright,RESOLVED,,,"[""opportunity_type_inferred"", ""sponsor_likely"", ""start_date_unknown""]",aggregator,https://jobright.ai/jobs/info/6a9b09092cdc5958f53ea884?utm_campaign=Software%20Engineering&utm_source=1103,
B,4231,Rivian,"Software Engineer, Cloud & Software FinOps","Atlanta, GA, United States",,2026-09-08,tracker_jobright,RESOLVED,,,"[""opportunity_type_inferred"", ""sponsor_likely"", ""start_date_unknown""]",aggregator,https://jobright.ai/jobs/info/6a9b193d9c24314c35f97bfa?utm_campaign=Software%20Engineering&utm_source=1103,
B,4228,Tempus AI,Quality Assurance Associate,"Chicago, IL, United States",,2026-09-08,tracker_jobright,RESOLVED,,,"[""opportunity_type_inferred"", ""sponsor_likely"", ""start_date_unknown""]",aggregator,https://jobright.ai/jobs/info/6a9b0c5313883870605965ad?utm_campaign=Software%20Engineering&utm_source=1103,
B,4218,Keysight Technologies,"Software Engineer, Measurement Applications","Colorado Springs, CO, United States",,2026-09-08,tracker_jobright,RESOLVED,,,"[""start_date_unknown""]",aggregator,https://jobright.ai/jobs/info/6a9a67d5e6c97d4b970af5f0?utm_campaign=Software%20Engineering&utm_source=1103,
B,4216,NetApp,Entry Level Software Engineer - ANF (Azure NetApp Files),"San Jose, CA, United States",,2026-09-08,tracker_jobright,RESOLVED,,,"[""opportunity_type_inferred"", ""sponsor_likely"", ""start_date_unknown""]",aggregator,https://jobright.ai/jobs/info/6a51bde202522b5b722eaad1?utm_campaign=Software%20Engineering&utm_source=1103,
B,4215,NetApp,"Entry Level Software Engineer - ANF (Azure NetApp Files) Job Details / NetApp, Inc.","San Jose, CA, United States",,2026-09-08,tracker_jobright,RESOLVED,,,"[""opportunity_type_inferred"", ""sponsor_likely"", ""start_date_unknown""]",aggregator,https://jobright.ai/jobs/info/6a54a8e5065af01f337ca7aa?utm_campaign=Software%20Engineering&utm_source=1103,
B,4211,3Red Partners,"Graduate C++ Developer (2027 Incoming Graduate, Full-Time)","Chicago, IL, United States",,2026-09-08,tracker_jobright,RESOLVED,,,"[""sponsor_likely""]",aggregator,https://jobright.ai/jobs/info/6a5a56a04da96a42cfd95477?utm_campaign=Software%20Engineering&utm_source=1103,
B,4206,Edgehog Trading,Graduate Software Engineer,"Chicago, IL, United States",,2026-09-08,tracker_jobright,RESOLVED,,,"[""sponsor_likely"", ""start_date_unknown""]",aggregator,https://jobright.ai/jobs/info/6a9b2acc1388387060596e58?utm_campaign=Software%20Engineering&utm_source=1103,
B,4205,SpaceX,"Full Stack Engineer, Flight Software","Hawthorne, CA, United States",,2026-09-08,tracker_jobright,RESOLVED,,,"[""opportunity_type_inferred"", ""start_date_unknown""]",aggregator,https://jobright.ai/jobs/info/6a970608d13b4819f39de986?utm_campaign=Software%20Engineering&utm_source=1103,
B,4204,Association of American Railroads,Software Developer I (Location: Colorado),"Pueblo, CO, United States",,2026-09-08,tracker_jobright,RESOLVED,,,"[""opportunity_type_inferred"", ""start_date_unknown""]",aggregator,https://jobright.ai/jobs/info/6a71c49502d93145bf890a86?utm_campaign=Software%20Engineering&utm_source=1103,
B,4199,US Pharmacopeia,Software Engineer -  Marketing Systems & Integrations,"Rockville, MD, United States",,2026-09-08,tracker_jobright,RESOLVED,,,"[""opportunity_type_inferred"", ""sponsor_likely"", ""start_date_unknown""]",aggregator,https://jobright.ai/jobs/info/6a2a1f082cde2824469bfebc?utm_campaign=Software%20Engineering&utm_source=1103,
B,4197,MagnaCare,Programmer Analyst,"Westbury, NY, United States",,2026-09-08,tracker_jobright,RESOLVED,,,"[""opportunity_type_inferred"", ""sponsor_likely"", ""start_date_unknown""]",aggregator,https://jobright.ai/jobs/info/6a7f6b18e2030208f276dea6?utm_campaign=Software%20Engineering&utm_source=1103,
B,4195,LufCo,Software Engineer,"Annapolis Junction, MD, United States",,2026-09-08,tracker_jobright,RESOLVED,,,"[""opportunity_type_inferred"", ""start_date_unknown""]",aggregator,https://jobright.ai/jobs/info/6a9c0adba7ba386c5d66ddd8?utm_campaign=Software%20Engineering&utm_source=1103,
B,4192,Verkada,Backend Engineer - Connectivity,"San Mateo, CA, United States",,2026-09-08,tracker_jobright,RESOLVED,,,"[""opportunity_type_inferred"", ""sponsor_likely"", ""start_date_unknown""]",aggregator,https://jobright.ai/jobs/info/6a639f03979290281c703344?utm_campaign=Software%20Engineering&utm_source=1103,
B,4191,Roblox,"Software Engineer, Creator Business","San Mateo, CA, United States",,2026-09-08,tracker_jobright,RESOLVED,,,"[""opportunity_type_inferred"", ""start_date_unknown""]",aggregator,https://jobright.ai/jobs/info/6a7ec6b3b56bea5779c06fa3?utm_campaign=Software%20Engineering&utm_source=1103,
B,4189,Neuralink,"Embedded Software Engineer, Implant Embedded Systems","Austin, TX, United States",,2026-09-08,tracker_jobright,RESOLVED,,,"[""opportunity_type_inferred"", ""sponsor_likely"", ""start_date_unknown""]",aggregator,https://jobright.ai/jobs/info/6a2a24310c4972328e7e70ef?utm_campaign=Software%20Engineering&utm_source=1103,
B,4183,SpaceX,Full Stack Software Engineer (Build Reliability),"Hawthorne, CA, United States",,2026-09-08,tracker_jobright,RESOLVED,,,"[""opportunity_type_inferred"", ""start_date_unknown""]",aggregator,https://jobright.ai/jobs/info/6a461b583dbab558e29a3c8f?utm_campaign=Software%20Engineering&utm_source=1103,
B,4182,Twitch,"Software Engineer I, Payments","San Francisco, CA, United States",,2026-09-08,tracker_jobright,RESOLVED,,,"[""opportunity_type_inferred"", ""sponsor_likely"", ""start_date_unknown""]",aggregator,https://jobright.ai/jobs/info/6a7f8148e51a1e18a2413669?utm_campaign=Software%20Engineering&utm_source=1103,
B,4181,SpaceX,"New Graduate Engineer, Software - '26/'27 (Starlink)","Redmond, WA, United States",,2026-09-08,tracker_jobright,RESOLVED,,,"[""start_date_unknown""]",aggregator,https://jobright.ai/jobs/info/6a7f484fe2030208f276cd13?utm_campaign=Software%20Engineering&utm_source=1103,
B,4170,4theweb,Wordpress Web Developer + Graphic Design,"Littleton, CO, United States",,2026-09-08,tracker_jobright,RESOLVED,,,"[""opportunity_type_inferred"", ""sponsor_likely"", ""start_date_unknown""]",aggregator,https://jobright.ai/jobs/info/6a9c7969dacf777321a8e118?utm_campaign=Software%20Engineering&utm_source=1103,
B,4166,Tata Consultancy Services,Junior FDE,"Milford, OH, United States",,2026-09-08,tracker_jobright,RESOLVED,,,"[""opportunity_type_inferred"", ""sponsor_likely"", ""start_date_unknown""]",aggregator,https://jobright.ai/jobs/info/6a9c915875edfa11b470e475?utm_campaign=Software%20Engineering&utm_source=1103,
B,4165,TikTok,"Software Engineer, TikTok LIVE - Foundation - Governance","San Jose, CA, United States",,2026-09-08,tracker_jobright,RESOLVED,,,"[""opportunity_type_inferred"", ""sponsor_likely"", ""start_date_unknown""]",aggregator,https://jobright.ai/jobs/info/6a351a831232144fb1561fe9?utm_campaign=Software%20Engineering&utm_source=1103,
B,4164,TikTok,Backend Software Engineer Graduate (Global E-commerce) - 2027 Start,"San Jose, CA, United States",,2026-09-08,tracker_jobright,RESOLVED,,,"[""sponsor_likely""]",aggregator,https://jobright.ai/jobs/info/6a71a42bee751e0c7934463e?utm_campaign=Software%20Engineering&utm_source=1103,
B,4162,Discord,"Software Engineer, Developer Success","San Francisco Bay Area, United States",,2026-09-08,tracker_jobright,RESOLVED,,,"[""opportunity_type_inferred"", ""sponsor_likely"", ""start_date_unknown""]",aggregator,https://jobright.ai/jobs/info/6a3ea3d6ce7cce40b342107c?utm_campaign=Software%20Engineering&utm_source=1103,
B,4158,John Deere,"Engineer, Software","Waterloo, IA, United States",,2026-09-08,tracker_jobright,RESOLVED,,,"[""opportunity_type_inferred"", ""start_date_unknown""]",aggregator,https://jobright.ai/jobs/info/6a85c1a7e459fa3baa8639cf?utm_campaign=Software%20Engineering&utm_source=1103,
B,4155,TikTok,"Software Engineer, TikTok LIVE","San Jose, CA, United States",,2026-09-08,tracker_jobright,RESOLVED,,,"[""opportunity_type_inferred"", ""sponsor_likely"", ""start_date_unknown""]",aggregator,https://jobright.ai/jobs/info/6a37a113ce501060b5cf8a08?utm_campaign=Software%20Engineering&utm_source=1103,
B,4154,DCCA,Software Engineer Level 0,"Annapolis Junction, MD, United States",,2026-09-08,tracker_jobright,RESOLVED,,,"[""opportunity_type_inferred"", ""start_date_unknown""]",aggregator,https://jobright.ai/jobs/info/6a9d447575edfa11b470f316?utm_campaign=Software%20Engineering&utm_source=1103,
B,4153,Qualcomm,Wireless Software Engineer,"Santa Clara, CA, United States",,2026-09-08,tracker_jobright,RESOLVED,,,"[""opportunity_type_inferred"", ""start_date_unknown""]",aggregator,https://jobright.ai/jobs/info/6a91ea1bd18f75674827aae9?utm_campaign=Software%20Engineering&utm_source=1103,
B,4152,Wolverine Trading,Software Engineer – N-Tiered Software Developer,"Chicago, IL, United States",,2026-09-08,tracker_jobright,RESOLVED,,,"[""opportunity_type_inferred"", ""sponsor_likely"", ""start_date_unknown""]",aggregator,https://jobright.ai/jobs/info/6a535752d007ee02d95fb1da?utm_campaign=Software%20Engineering&utm_source=1103,
B,4149,Giga,Software Engineer I / II,"New York, NY, United States",,2026-09-08,tracker_jobright,RESOLVED,,,"[""opportunity_type_inferred"", ""sponsor_likely"", ""start_date_unknown""]",aggregator,https://jobright.ai/jobs/info/6a574e9cf7517b519ad59dad?utm_campaign=Software%20Engineering&utm_source=1103,
B,4144,Citadel,Software Engineer – University Graduate (US),"New York, NY, United States",,2026-09-08,tracker_jobright,RESOLVED,,,"[""sponsor_likely"", ""start_date_unknown""]",aggregator,https://jobright.ai/jobs/info/6a8878be25fc4e7ae3db087d?utm_campaign=Software%20Engineering&utm_source=1103,
B,4143,Neuralink,"Software Engineer, BCI Applications","Austin, TX, United States",,2026-09-08,tracker_jobright,RESOLVED,,,"[""opportunity_type_inferred"", ""sponsor_likely"", ""start_date_unknown""]",aggregator,https://jobright.ai/jobs/info/6a52e53a8ef95364ead904ac?utm_campaign=Software%20Engineering&utm_source=1103,
B,4142,The D. E. Shaw Group,Software Developer,"New York, NY, United States",,2026-09-08,tracker_jobright,RESOLVED,,,"[""opportunity_type_inferred"", ""sponsor_likely"", ""start_date_unknown""]",aggregator,https://jobright.ai/jobs/info/6a534f5d8576ec69c014f57f?utm_campaign=Software%20Engineering&utm_source=1103,
B,4139,CHAOS Industries,Field Software Engineer,"El Segundo, California, United States",,2026-09-08,tracker_jobright,RESOLVED,,,"[""opportunity_type_inferred"", ""start_date_unknown""]",aggregator,https://jobright.ai/jobs/info/6a50f2a702522b5b722e6102?utm_campaign=Software%20Engineering&utm_source=1103,
B,4138,TikTok,Software Engineer Graduate (Ads Interface) - 2027 Start,"San Jose, CA, United States",,2026-09-08,tracker_jobright,RESOLVED,,,"[""sponsor_likely""]",aggregator,https://jobright.ai/jobs/info/6a714fe2ee751e0c79343362?utm_campaign=Software%20Engineering&utm_source=1103,
B,4137,Anduril Industries,2027 Early Career Software Engineer,"Atlanta, GA, United States",,2026-09-08,tracker_jobright,RESOLVED,,,,aggregator,https://jobright.ai/jobs/info/6a3d8ab68bfad862bc99d9d6?utm_campaign=Software%20Engineering&utm_source=1103,
B,4134,TikTok,Backend Software Engineer Graduate (Creation Platform) - 2027 Start,"San Jose, CA, United States",,2026-09-08,tracker_jobright,RESOLVED,,,"[""sponsor_likely""]",aggregator,https://jobright.ai/jobs/info/6a7cf4c0d77e8156a8e35419?utm_campaign=Software%20Engineering&utm_source=1103,
B,4133,IMC Trading,Graduate Software Engineer,"Chicago, IL, United States",,2026-09-08,tracker_jobright,RESOLVED,,,"[""sponsor_likely""]",aggregator,https://jobright.ai/jobs/info/6a4556f7c2d11a6a46668d9b?utm_campaign=Software%20Engineering&utm_source=1103,
B,4132,Aquatic Capital Management,"Software Engineer, Early Career",Chicago,,2026-09-08,tracker_jobright,RESOLVED,,,"[""country_unknown"", ""opportunity_type_inferred"", ""sponsor_likely"", ""start_date_unknown""]",aggregator,https://jobright.ai/jobs/info/6a3ff4f3b526a24fc31305bd?utm_campaign=Software%20Engineering&utm_source=1103,
B,4118,IBM,Associate SAP Technology Specialist – 2027,"Baton Rouge, LA, United States",,2026-09-08,tracker_jobright,RESOLVED,,,"[""opportunity_type_inferred"", ""start_date_unknown""]",aggregator,https://jobright.ai/jobs/info/6a9e23d275edfa11b4710635?utm_campaign=Software%20Engineering&utm_source=1103,
B,4110,IBM,Back-End Software Developer-Tucson-AZ,"Tucson, AZ, United States",,2026-09-08,tracker_jobright,RESOLVED,,,"[""opportunity_type_inferred"", ""start_date_unknown""]",aggregator,https://jobright.ai/jobs/info/6a9e29c168f82b4036738c50?utm_campaign=Software%20Engineering&utm_source=1103,
B,4109,IBM,Entry Level Back-End Developer - Dallas 2027,"Dallas, TX, United States",,2026-09-08,tracker_jobright,RESOLVED,,,"[""opportunity_type_inferred"", ""start_date_unknown""]",aggregator,https://jobright.ai/jobs/info/6a9e29dc27c94c3d5a1cb5f6?utm_campaign=Software%20Engineering&utm_source=1103,
B,4106,IBM,Entry Level QA/Test Developer-Tucson-AZ,"Tucson, AZ, United States",,2026-09-08,tracker_jobright,RESOLVED,,,"[""opportunity_type_inferred"", ""start_date_unknown""]",aggregator,https://jobright.ai/jobs/info/6a9e2a3c75edfa11b47106cd?utm_campaign=Software%20Engineering&utm_source=1103,
B,4105,IBM,"Entry Level Software Developer-Tucson, AZ","Tucson, AZ, United States",,2026-09-08,tracker_jobright,RESOLVED,,,"[""opportunity_type_inferred"", ""start_date_unknown""]",aggregator,https://jobright.ai/jobs/info/6a9e2a4968f82b4036738c64?utm_campaign=Software%20Engineering&utm_source=1103,
B,4102,IBM,Front End Software Developer,"Tucson, AZ, United States",,2026-09-08,tracker_jobright,RESOLVED,,,"[""opportunity_type_inferred"", ""start_date_unknown""]",aggregator,https://jobright.ai/jobs/info/6a9e2b01dacf777321a90a7e?utm_campaign=Software%20Engineering&utm_source=1103,
B,4097,IBM,QA/Test Developer,"Herndon, VA, United States",,2026-09-08,tracker_jobright,RESOLVED,,,"[""opportunity_type_inferred"", ""sponsor_likely"", ""start_date_unknown""]",aggregator,https://jobright.ai/jobs/info/6a9e348a2c964816f65ebf29?utm_campaign=Software%20Engineering&utm_source=1103,
B,4092,TikTok,"Frontend Software Engineer, Global CRM Platform","San Jose, CA, United States",,2026-09-08,tracker_jobright,RESOLVED,,,"[""opportunity_type_inferred"", ""sponsor_likely"", ""start_date_unknown""]",aggregator,https://jobright.ai/jobs/info/6a5e8574050c423c792efbe2?utm_campaign=Software%20Engineering&utm_source=1103,
B,4091,TikTok,Backend Software Engineer Graduate (Global E-commerce) - 2027 Start,"Seattle, WA, United States",,2026-09-08,tracker_jobright,RESOLVED,,,"[""sponsor_likely""]",aggregator,https://jobright.ai/jobs/info/6a71a42571acd469eeda3932?utm_campaign=Software%20Engineering&utm_source=1103,
B,4087,Figma,Software Engineer - Full Stack,"San Francisco, CA, United States",,2026-09-08,tracker_jobright,RESOLVED,,,"[""opportunity_type_inferred"", ""sponsor_likely"", ""start_date_unknown""]",aggregator,https://jobright.ai/jobs/info/6a51fcd357513b72e0c69fe8?utm_campaign=Software%20Engineering&utm_source=1103,
B,4069,Lockheed Martin,Software Engineer - E2,"Marietta, GA, United States",,2026-09-08,tracker_jobright,RESOLVED,,,"[""opportunity_type_inferred"", ""sponsor_likely"", ""start_date_unknown""]",aggregator,https://jobright.ai/jobs/info/6a907b822e254e06fb9f11f7?utm_campaign=Software%20Engineering&utm_source=1103,
B,4066,Lockheed Martin,Software Engineer - E2,"Liverpool, New York, United States",,2026-09-08,tracker_jobright,RESOLVED,,,"[""opportunity_type_inferred"", ""start_date_unknown""]",aggregator,https://jobright.ai/jobs/info/6a91d94dc12c90443efc8873?utm_campaign=Software%20Engineering&utm_source=1103,
B,4065,Neuralink,"Embedded Software Engineer, Implant Embedded Systems","San Francisco, CA, United States",,2026-09-08,tracker_jobright,RESOLVED,,,"[""opportunity_type_inferred"", ""sponsor_likely"", ""start_date_unknown""]",aggregator,https://jobright.ai/jobs/info/6a0f500d83d714428981e885?utm_campaign=Software%20Engineering&utm_source=1103,
B,4064,TikTok,Software Engineer Graduate (TikTok Global Live) - 2027 Start,"San Jose, CA, United States",,2026-09-08,tracker_jobright,RESOLVED,,,"[""sponsor_likely""]",aggregator,https://jobright.ai/jobs/info/6a71a424cb96192a3684999d?utm_campaign=Software%20Engineering&utm_source=1103,
B,4061,MOOV,"Founding Software Engineer ($150,000 - $190,000 + Equity)","Brooklyn, NY, United States",,2026-09-08,tracker_jobright,RESOLVED,,,"[""opportunity_type_inferred"", ""sponsor_likely"", ""start_date_unknown""]",aggregator,https://jobright.ai/jobs/info/6a9edd21f6ea002358296d25?utm_campaign=Software%20Engineering&utm_source=1103,
B,4060,DRW,Software Developer,"Chicago, IL, United States",,2026-09-08,tracker_jobright,RESOLVED,,,"[""opportunity_type_inferred"", ""sponsor_likely"", ""start_date_unknown""]",aggregator,https://jobright.ai/jobs/info/6a54f4d4f2c46727285eee28?utm_campaign=Software%20Engineering&utm_source=1103,
B,4058,SpaceX,"Full Stack Software Engineer, Manufacturing Systems","Hawthorne, CA, United States",,2026-09-08,tracker_jobright,RESOLVED,,,"[""opportunity_type_inferred"", ""start_date_unknown""]",aggregator,https://jobright.ai/jobs/info/6a7d1c637c52154b59f5dfeb?utm_campaign=Software%20Engineering&utm_source=1103,
B,4057,Albertsons Companies,Front End Entry Level,"Bolingbrook, IL, United States",,2026-09-08,tracker_jobright,RESOLVED,,,"[""opportunity_type_inferred"", ""sponsor_likely"", ""start_date_unknown""]",aggregator,https://jobright.ai/jobs/info/6a7150ac9a0ca4480c7d3d50?utm_campaign=Software%20Engineering&utm_source=1103,
B,4056,Infosys,Java Backend Developer,"Boston, MA, United States",,2026-09-08,tracker_jobright,RESOLVED,,,"[""authorization_ambiguous"", ""opportunity_type_inferred"", ""start_date_unknown""]",aggregator,https://jobright.ai/jobs/info/6a9f0036dacf777321a93e79?utm_campaign=Software%20Engineering&utm_source=1103,
B,4055,Ardent Principles,Software Engineer (Full Stack Development),"Chantilly, VA, United States",,2026-09-08,tracker_jobright,RESOLVED,,,"[""start_date_unknown""]",aggregator,https://jobright.ai/jobs/info/6a9f09e5dacf777321a93f9c?utm_campaign=Software%20Engineering&utm_source=1103,
B,4054,Steelhead Technologies,Quality Assurance Specialist,"Calumet, MI, United States",,2026-09-08,tracker_jobright,RESOLVED,,,"[""opportunity_type_inferred"", ""sponsor_likely"", ""start_date_unknown""]",aggregator,https://jobright.ai/jobs/info/6a8ca301d34f700f87fd1bf4?utm_campaign=Software%20Engineering&utm_source=1103,
B,4053,Ai2 - Applicazioni di Ingegneria ed Informatica s.r.l.,Software Developer Junior,"Alabama, United States",,2026-09-08,tracker_jobright,RESOLVED,,,"[""opportunity_type_inferred"", ""sponsor_likely"", ""start_date_unknown""]",aggregator,https://jobright.ai/jobs/info/6a9f37aa2c964816f65ef825?utm_campaign=Software%20Engineering&utm_source=1103,
B,4050,Sherwood Design Engineers,Computational Designer - Researcher,"New York, NY, United States",,2026-09-08,tracker_jobright,RESOLVED,,,"[""opportunity_type_inferred"", ""sponsor_likely"", ""start_date_unknown""]",aggregator,https://jobright.ai/jobs/info/6a573ff2367e61670f5aeaba?utm_campaign=Software%20Engineering&utm_source=1103,
B,4048,Albertsons Companies,Front End Entry Level,"Joliet, IL, United States",,2026-09-08,tracker_jobright,RESOLVED,,,"[""opportunity_type_inferred"", ""sponsor_likely"", ""start_date_unknown""]",aggregator,https://jobright.ai/jobs/info/6a7379276a034212ea027be3?utm_campaign=Software%20Engineering&utm_source=1103,
B,4047,SpaceX,Full Stack Software Engineer,"Hawthorne, CA, United States",,2026-09-08,tracker_jobright,RESOLVED,,,"[""opportunity_type_inferred"", ""start_date_unknown""]",aggregator,https://jobright.ai/jobs/info/6a9b9322fe45b8490f608970?utm_campaign=Software%20Engineering&utm_source=1103,
B,4046,SpaceX,"Full Stack Software Engineer, Internal Systems","Hawthorne, CA, United States",,2026-09-08,tracker_jobright,RESOLVED,,,"[""opportunity_type_inferred"", ""start_date_unknown""]",aggregator,https://jobright.ai/jobs/info/6a9f336768f82b403673c722?utm_campaign=Software%20Engineering&utm_source=1103,
B,4044,North Carolina Department of Agriculture and Consumer Services,COMPUTER PROGRAMMER ANALYST (POLICE-ITMS),"Cincinnati, OH, United States",,2026-09-08,tracker_jobright,RESOLVED,,,"[""opportunity_type_inferred"", ""sponsor_likely"", ""start_date_unknown""]",aggregator,https://jobright.ai/jobs/info/6a9f6bfea7ba386c5d675025?utm_campaign=Software%20Engineering&utm_source=1103,
B,4043,Tyler Technologies,"Software Engineer, Enterprise Corrections - Courts & Justice","Plano, TX, United States",,2026-09-08,tracker_jobright,RESOLVED,,,"[""opportunity_type_inferred"", ""start_date_unknown""]",aggregator,https://jobright.ai/jobs/info/6a552a674119652ff3863ceb?utm_campaign=Software%20Engineering&utm_source=1103,
B,4041,"American Honda Motor Company, Inc.",Software & System Test Engineer (102181),"Raymond, OH, United States",,2026-09-08,tracker_jobright,RESOLVED,,,"[""opportunity_type_inferred"", ""sponsor_likely"", ""start_date_unknown""]",aggregator,https://jobright.ai/jobs/info/6a6cbf1facb0a61f9dbc6c95?utm_campaign=Software%20Engineering&utm_source=1103,
B,4040,PayPal,Software Engineer- Cloud Infrastructure and DevOps,"San Jose, CA, United States",,2026-09-08,tracker_jobright,RESOLVED,,,"[""opportunity_type_inferred"", ""start_date_unknown""]",aggregator,https://jobright.ai/jobs/info/6a989b9583fc633357632881?utm_campaign=Software%20Engineering&utm_source=1103,
B,4039,Brave,BDR/SDR - Brave Search API,United States,,2026-09-08,tracker_jobright,RESOLVED,,,"[""opportunity_type_inferred"", ""sponsor_likely"", ""start_date_unknown""]",aggregator,https://jobright.ai/jobs/info/6a6cfa5857120971bf3ae464?utm_campaign=Software%20Engineering&utm_source=1103,
B,4035,TikTok,Backend Software Engineer Graduate (TikTok - Data Lifecycle Management) - 2027 Start,"San Jose, CA, United States",,2026-09-08,tracker_jobright,RESOLVED,,,"[""sponsor_likely""]",aggregator,https://jobright.ai/jobs/info/6a750bc237da8525e8cdc14d?utm_campaign=Software%20Engineering&utm_source=1103,
B,4033,K2 Space Corporation,Application Software Engineer,"Los Angeles, CA, United States",,2026-09-08,tracker_jobright,RESOLVED,,,"[""opportunity_type_inferred"", ""start_date_unknown""]",aggregator,https://jobright.ai/jobs/info/6a5216648576ec69c014a596?utm_campaign=Software%20Engineering&utm_source=1103,
